,participant,trial_index,max(RIGHT_FIX_INDEX),avg(RIGHT_IN_BLINK),avg(RIGHT_IN_SACCADE),avg(RIGHT_PUPIL_SIZE),max_pupil,Time,avg_preceding_pupil,avg_pupil,change_pupil,screenposition,stimulus,trialtype,classifyenc,rt,response,responsecorrect,responsecorrect_side,screenlocation,stimnum,acc,rtResidual,rtResidualC,rt_rec,trialno_rec,ratingConfidence,acc_rec,memoryHits.hc
0,53,1,5,0.0,0.11076148521082442,2016.692259282568,2117.0683207251,1.35,,2045.1064868861981,,left,SHINEd_Bandage_Adhesive.jpg,incongruent,m,703.3665219999999,j,j,right,"(148, 362)",107,1,656.452707813133,64.6433480095611,720.25,287,2,0,0.0
1,53,2,3,0.0,0.06505576208178439,1960.5607187112766,2046.00785267606,1.19,2041.8184851908431,1937.3231494571546,-104.4953357336885,left,SHINEd_Cauliflower.jpg,congruent,n,658.1619900000001,f,f,left,"(148, 362)",291,1,611.66626590177,19.8569060981984,893.14,220,3,0,0.0
2,53,3,5,0.0,0.1134531928084315,1843.837569745815,1930.12055594273,1.85,1997.9329197271668,1834.88160180052,-163.05131792664682,right,SHINEd_Bag_Camera.jpg,congruent,m,590.8775469999999,j,j,right,"(862, 362)",216,1,544.799912990406,-47.0094468131655,1054.76,221,4,0,0.0
3,53,4,5,0.0,0.10959752321981424,1807.5894736842106,2098.4534318363103,1.81,1887.565106086676,1925.5101349084741,37.94502882179813,left,SHINEd_SpongeScrubbing.jpg,incongruent,m,730.5519320000001,f,j,right,"(148, 362)",139,0,684.892388079041,93.08302827547008,791.28,97,3,1,1.0
4,53,5,5,0.0,0.0885997521685254,1834.57063197026,1901.0588773738598,0.54,1820.3448762707635,1641.298919563656,-179.0459567071075,left,SHINEd_dates_fresh.jpg,congruent,n,620.653957,f,f,left,"(148, 362)",319,1,575.412503167677,-16.3968566358942,661.86,410,3,1,1.0
5,53,6,5,0.0,0.1126934984520124,1532.7690402476778,1646.44468857097,0.5,1811.1387806882813,1467.2385648555276,-343.90021583275393,right,SHINEd_blackberry.jpg,incongruent,n,761.188208,f,f,left,"(862, 362)",280,1,716.3648442563131,124.55548445274201,508.77,296,4,0,0.0
6,53,7,5,0.0,0.11013767209011263,1628.7027534418023,1855.90449597566,1.05,1641.9959495653666,1672.6310975895856,30.635148024219014,left,SHINEd_organutan.jpg,congruent,n,757.995292,f,f,left,"(148, 362)",343,1,713.590018344948,121.780658541377,887.58,54,4,1,1.0
7,53,8,5,0.056985294117647065,0.2824754901960784,1652.6838235294117,2096.02071359703,0.97,1577.1445311423606,1941.8099650874121,364.6654339450515,left,SHINEd_PaperCutter.jpg,incongruent,m,616.723549,j,j,right,"(148, 362)",31,1,572.736365433584,-19.0729943699871,589.15,262,4,1,1.0
8,53,9,4,0.0,0.09175449473031616,1694.4451332920025,1918.80583670279,1.42,1746.7273676454627,1783.4714491149455,36.744081469483035,left,SHINEd_turkey.jpg,congruent,n,803.1492860000001,f,f,left,"(148, 362)",391,1,759.58019252222,167.770832718648,373.63,419,3,0,0.0
9,53,10,4,0.0,0.07987616099071207,1694.2551083591334,1803.3014495198001,1.19,1767.3489630109113,1670.9694266555184,-96.37953635539291,left,SHINEd_Snowboard.jpg,incongruent,m,631.647365,j,j,right,"(148, 362)",23,1,588.4963616108561,-3.3129981927157597,503.2,354,3,0,0.0
10,53,11,5,0.0,0.09169764560099132,1526.5743494423791,1572.0846585522104,0.85,1666.301971416221,1414.8357803755734,-251.46619104064757,left,SHINEd_bear.jpg,congruent,n,635.5083,f,f,left,"(148, 362)",271,1,592.7753866994909,0.9660268959198509,674.12,56,3,1,1.0
11,53,12,4,0.0,0.07863777089783283,1506.225386996904,1672.4492578811498,0.95,1579.7778580557735,1619.5886391492356,39.810781093462076,left,SHINEd_Cable_AudioSplitter.jpg,incongruent,m,629.73134,j,j,right,"(148, 362)",91,1,587.416516788127,-4.39284301544439,509.29,285,4,0,0.0
12,53,13,5,0.0,0.12267657992565055,1562.645600991326,1671.1247180439002,0.6,1506.3136833327842,1438.1286264864452,-68.18505684633897,right,SHINEd_Boombox.jpg,congruent,m,552.908158,j,j,right,"(862, 362)",92,1,511.011424876763,-80.7979349268088,630.27,170,1,0,0.0
13,53,14,6,0.0,0.11888544891640865,1418.7436532507738,1573.91369154663,1.36,1544.7873458188196,1487.8293659564215,-56.957979862398126,left,SHINEd_Playard.jpg,incongruent,m,699.94439,j,j,right,"(148, 362)",59,1,658.465746965398,66.6563871618269,1795.06,414,2,0,0.0
14,53,15,4,0.0,0.08173374613003095,1417.5486068111456,1493.56127702769,1.2,1480.369371916652,1387.1395315562972,-93.22984036035471,left,SHINEd_Hedgehog.jpg,congruent,n,609.027827,f,f,left,"(148, 362)",243,1,567.967274054034,-23.842085749537397,868.78,145,2,0,0.0
15,53,16,3,0.0,0.06191950464396285,1355.6470588235295,1489.7551150987802,1.78,1413.9116156074651,1435.3960424455606,21.48442683809571,left,SHINEd_Car_Sedan.jpg,incongruent,m,595.7215679999999,j,j,right,"(148, 362)",183,1,555.07910514267,-36.73025466090171,421.03,438,2,0,0.0
16,53,17,3,0.0,0.0600991325898389,1436.5594795539034,1469.1703190155401,1.23,1375.3625902751126,1420.720251014845,45.35766073973241,right,SHINEd_Bus_DoubleDecker.jpg,congruent,m,584.244186,j,j,right,"(862, 362)",184,1,544.019813231305,-47.789546572266,609.34,390,4,0,0.0
17,53,18,6,0.0,0.2148606811145511,1375.2637770897836,1515.89744837317,0.97,1400.8340509003501,1310.8522756911889,-89.98177520916124,right,SHINEd_alpaca_fo.jpg,incongruent,n,602.045661,f,f,left,"(862, 362)",400,1,562.239378319941,-29.5699814836303,342.21,372,3,0,0.0
18,53,19,6,0.0,0.15489467162329615,1407.495043370508,1640.2805879215198,1.16,1398.5385070650796,1532.4283374251495,133.88983036006994,left,SHINEd_Dress_Blue.jpg,incongruent,m,590.533243,j,j,right,"(148, 362)",3,1,551.1450504085769,-40.6643093949947,453.69,367,2,0,0.0
19,53,20,3,0.0,0.05634674922600619,1673.0891640866873,1898.8516976248402,1.33,1389.0745383456342,1714.3131574181327,325.2386190724985,right,SHINEd_Fan_Ceiling.jpg,congruent,m,642.084493,j,j,right,"(862, 362)",48,1,603.114390497212,11.305030693641,508.12,362,3,0,0.0
20,53,21,3,0.0,0.07434944237918216,1572.8760842627014,1709.4894609242401,1.2,1567.4801235059635,1623.3137355740437,55.83361206808013,left,SHINEd_Dresser.jpg,incongruent,m,717.115162,j,j,right,"(148, 362)",203,1,678.563149585848,86.7537897822768,742.64,258,2,1,
21,53,22,3,0.0,0.06439628482972136,1680.1083591331271,1871.79401925272,1.66,1637.854424982176,1805.8620506624145,168.00762568023856,left,SHINEd_WateringCan_PlasticDarkGreen.jpg,incongruent,m,561.313997,j,j,right,"(148, 362)",215,1,523.180074674484,-68.6292851290876,813.65,363,1,0,0.0
22,53,23,4,0.0,0.07739938080495358,1753.990092879257,1832.46785109918,1.47,1631.2520817212958,1704.0197122042707,72.76763048297494,left,SHINEd_edamame.jpg,congruent,n,746.373469,j,f,left,"(148, 362)",303,0,708.65763676312,116.848276959548,991.17,112,3,1,1.0
23,53,24,3,0.0,0.06315789473684211,1674.774613003096,1886.85762925012,1.27,1729.3761128826914,1725.1208020149274,-4.255310867763683,left,SHINEd_Binoculars.jpg,incongruent,m,677.854668,j,j,right,"(148, 362)",199,1,640.556925851755,48.7475660481837,563.09,434,2,0,0.0
24,53,25,5,0.02912019826517968,0.17472118959107807,1565.5768277571249,1649.9329275769296,1.5,1699.7057877572229,1542.6807438122569,-157.025043944966,right,SHINEd_Card_TwoSpade.jpg,congruent,m,697.594568,j,j,right,"(862, 362)",88,1,660.714915940391,68.9055561368194,558.01,218,3,0,0.0
25,53,26,3,0.0,0.06856796116504854,1488.3070388349515,1699.1252900911902,1.39,1632.2599397594986,1624.173543309611,-8.086396449887618,left,SHINEd_Basket_Plastic.jpg,incongruent,m,636.017191,j,j,right,"(148, 362)",211,1,599.555629029027,7.74626922545515,542.83,358,2,0,0.0
26,53,27,3,0.0,0.06130030959752322,1571.4681114551086,1679.9847030229998,1.33,1538.5711380693217,1562.3786840643784,23.807545995056895,right,SHINEd_CinderBlock.jpg,congruent,m,631.902196,j,j,right,"(862, 362)",108,1,595.858724117662,4.04936431409081,455.69,260,2,1,
27,53,28,3,0.0,0.04275092936802974,1519.0421313506815,1665.3517897409802,1.14,1535.1885347239152,1551.7720732226412,16.583538498726057,right,SHINEd_GasStation.jpg,congruent,m,643.322432,j,j,right,"(862, 362)",168,1,607.697050206298,15.8876904027265,391.49,375,1,0,0.0
28,53,29,4,0.0,0.11702786377708978,1464.0464396284829,1522.87712250044,1.21,1533.4519996622907,1472.844454214407,-60.6075454478837,left,SHINEd_Shoes_Pumps.jpg,incongruent,m,829.870571,j,j,right,"(148, 362)",151,1,794.6632792949339,202.853919491362,726.49,8,4,0,0.0
29,53,30,6,0.0,0.17410161090458487,1386.6815365551424,1462.3744835587,0.98,1485.7733098182855,1236.1734397179798,-249.59987010030568,right,SHINEd_Oneholepunch.jpg,congruent,m,552.648548,j,j,right,"(862, 362)",76,1,517.859346383569,-73.9500134200021,703.37,400,2,1,
30,53,31,4,0.05448916408668731,0.1869969040247678,1256.6018575851392,1554.19066132529,1.0,1412.5678234608636,1386.1372657392526,-26.430557721610736,left,SHINEd_whistle.jpg,incongruent,m,566.006042,j,j,right,"(148, 362)",79,1,531.6349304722049,-60.174429331366504,737.02,185,2,0,0.0
31,53,32,5,0.0,0.0966542750929368,1403.9820322180915,1487.22697309505,0.83,1346.0359054599649,1348.6763869024205,2.640481442455666,left,SHINEd_Box_Staples.jpg,incongruent,m,607.5923809999999,j,j,right,"(148, 362)",67,1,573.639359560841,-18.170000242730698,1063.81,154,3,1,1.0
32,53,33,5,0.05634674922600619,0.19195046439628485,1331.4792569659442,1713.90412943871,1.19,1386.7016573463434,1421.0786704783493,34.377013132005914,left,SHINEd_Panda.jpg,congruent,n,556.831549,f,f,left,"(148, 362)",251,1,523.296617649476,-68.51274215409511,721.92,397,2,1,
33,53,34,5,0.0,0.10408921933085502,1343.4101610904586,1439.2125963099402,1.8,1422.1071115094903,1387.9139135418766,-34.19319796761374,right,SHINEd_raspberry.jpg,incongruent,n,630.496666,f,f,left,"(862, 362)",456,1,597.379824738112,5.57046493454059,704.89,99,3,1,1.0
34,53,35,4,0.0,0.09535603715170278,1435.8656346749224,1536.1279127908201,1.42,1390.109394828234,1443.785687730016,53.67629290178206,right,SHINEd_Cologne.jpg,congruent,m,578.69011,j,j,right,"(862, 362)",116,1,545.991358826748,-45.818000976823704,571.25,391,4,1,1.0
35,53,36,4,0.0,0.07496902106567534,1447.3370508054522,1609.7874378068,2.0,1403.163271073804,1534.610321629068,131.44705055526398,right,SHINEd_tapir copy.jpg,incongruent,n,662.069344,f,f,left,"(862, 362)",408,1,629.788682915383,37.979323111812,754.17,230,2,0,0.0
36,53,37,3,0.0,0.052012383900928785,1667.6922600619196,1888.8228354208106,1.27,1447.8725456687164,1757.7998887126278,309.9273430439114,right,SHINEd_Hammer.jpg,congruent,m,594.476211,j,j,right,"(862, 362)",36,1,562.613640004019,-29.195719799552304,413.67,343,3,0,0.0
37,53,38,3,0.0,0.0675759454432734,1639.9287042777432,1852.3639535834202,1.81,1575.4879143105234,1743.8933941797006,168.40547986917704,left,SHINEd_CapGraduation.jpg,incongruent,m,661.179031,j,j,right,"(148, 362)",187,1,629.734550092655,37.9251902890833,1176.27,94,2,1,
38,53,39,4,0.0,0.091640866873065,1714.787616099071,1819.6863430962808,1.05,1671.9603044100945,1686.100299138818,14.139994728723426,left,SHINEd_Potato.jpg,congruent,n,673.479664,f,f,left,"(148, 362)",423,1,642.45327318129,50.643913377718896,543.69,401,2,0,0.0
39,53,40,4,0.0,0.07992565055762081,1589.897149938042,1710.57424970931,0.5,1671.523357396845,1565.8662788000383,-105.65707859680674,right,SHINEd_blueberries.jpg,incongruent,n,571.43877,f,f,left,"(862, 362)",232,1,540.830469269926,-50.9788905336453,1040.73,77,2,0,0.0
40,53,41,4,0.0,0.08421052631578947,1556.4965944272446,1736.7046499122305,1.66,1636.1851955587058,1637.9566287737534,1.7714332150476366,left,SHINEd_pistachios-.jpg,congruent,n,767.622981,f,f,left,"(148, 362)",411,1,737.432770358562,145.62341055499,444.64,277,3,0,0.0
41,53,42,5,0.0,0.19558553034947884,1488.1324340895153,1612.2755889599698,0.58,1575.3697061907708,1265.3481688435702,-310.02153734720065,right,SHINEd_Pepper_Green.jpg,incongruent,n,563.583225,f,f,left,"(862, 362)",372,1,533.8111044471971,-57.998255356373996,430.47,340,3,0,0.0
42,53,43,5,0.0,0.09748620478234213,1255.8890251379519,1636.9480054426099,1.57,1501.0623335540756,1411.3123192890412,-89.75001426503445,left,SHINEd_sanddollar.jpg,congruent,n,941.236719,f,f,left,"(148, 362)",295,1,911.8826885358329,320.073328732262,885.8,194,4,1,1.0
43,53,44,4,0.0,0.07901234567901234,1436.9104938271607,1527.16196185397,0.97,1340.0052028202776,1388.7736136945648,48.768410874287156,left,SHINEd_Cup_Bathroom.jpg,incongruent,m,550.224026,j,j,right,"(148, 362)",51,1,521.288085624469,-70.52127417910259,450.67,326,2,0,0.0
44,53,45,3,0.0,0.123279098873592,1387.0193992490613,1533.4022710502695,0.98,1355.8216464323461,1418.6341989041018,62.81255247175567,right,SHINEd_Ginger.jpg,incongruent,n,665.201164,f,f,left,"(862, 362)",236,1,636.683313713104,44.87395390953301,444.74,365,2,0,0.0
45,53,46,4,0.0,0.0811648079306072,1377.7465923172242,1437.85104506043,0.94,1398.5450898915476,1310.3896515470212,-88.15543834452637,right,SHINEd_DoubleBass.jpg,congruent,m,620.723175,j,j,right,"(862, 362)",8,1,592.6234148017401,0.814054998168741,718.52,210,4,1,1.0
46,53,47,4,0.0,0.08730650154798762,1243.9820433436532,1333.3375152844699,1.56,1384.7279429352047,1276.1439977270222,-108.58394520818251,right,SHINEd_Hazelnut.jpg,incongruent,n,568.168025,f,f,left,"(862, 362)",252,1,540.486354890376,-51.323004913195604,669.05,278,2,0,0.0
47,53,48,8,0.0,0.16656346749226006,1380.6377708978328,1624.67172435838,1.1,1307.3900549337206,1380.391191623662,73.0011366899414,right,SHINEd_ant.jpg,incongruent,n,668.314549,f,f,left,"(862, 362)",328,1,641.0509689790119,49.2416091754402,553.93,344,2,0,0.0
48,53,49,4,0.055762081784386616,0.2069392812887237,1201.504956629492,1376.3136415716901,0.89,1315.7827306473214,1269.0747520502885,-46.70797859703293,right,SHINEd_Golf_Club.jpg,congruent,m,615.4497610000001,j,j,right,"(862, 362)",132,1,588.604271067647,-3.20508873592421,865.69,180,2,0,0.0
49,53,50,4,0.0,0.06315789473684211,1367.5157894736842,1484.53680431761,1.37,1336.5616648661935,1402.794704677206,66.23303981101253,right,SHINEd_Lobster.jpg,incongruent,n,466.604038,f,f,left,"(862, 362)",288,1,440.17663815628305,-151.632721647288,476.15,325,1,0,0.0
50,53,51,4,0.0,0.08240396530359356,1321.268897149938,1424.3954448743802,2.0,1336.66464745424,1363.4001132811509,26.73546582691074,left,SHINEd_Shark_GreatWhite.jpg,congruent,n,510.64341900000005,f,f,left,"(148, 362)",287,1,484.634109244919,-107.17525055865299,584.75,18,4,1,1.0
51,53,52,4,0.0,0.07801857585139317,1490.315170278638,1634.67537962184,1.04,1355.2259987341083,1447.4440592479727,92.21806051386444,right,SHINEd_HedgeShears.jpg,congruent,m,714.185103,j,j,right,"(862, 362)",28,1,688.5938833335539,96.7845235299829,871.29,60,2,0,0.0
52,53,53,4,0.0,0.080545229244114,1259.4708798017348,1417.74082577394,1.23,1405.3528151640232,1337.353642111684,-67.9991730523393,left,SHINEd_LightBulb_White.jpg,incongruent,m,805.874396,j,j,right,"(148, 362)",47,1,780.7012664221901,188.891906618619,742.75,126,2,0,0.0
53,53,54,4,0.0,0.08668730650154799,1362.8811145510836,1391.3995180397305,1.28,1371.679395386283,1321.753594283919,-49.92580110236395,right,SHINEd_BookShelf.jpg,congruent,m,504.860038,j,j,right,"(862, 362)",204,1,480.104998510826,-111.70436129274599,518.72,379,2,1,
54,53,55,3,0.0,0.0966542750929368,1380.4175960346963,1647.14950352603,1.4,1306.3244838563326,1495.7121285850476,189.38764472871483,right,SHINEd_SpiderWeb.jpg,incongruent,n,444.845692,j,f,left,"(862, 362)",348,0,420.50874259946096,-171.30061720411,550.97,23,4,1,1.0
55,53,56,4,0.07111935683364255,0.2640692640692641,1345.8540507111936,1695.86624230695,1.21,1372.6418669743225,1451.830524121216,79.18865714689355,right,SHINEd_Hand.jpg,incongruent,n,568.432282,f,f,left,"(862, 362)",284,1,544.513422688097,-47.295937115474395,372.4,387,2,0,0.0
56,53,57,4,0.0,0.07496902106567534,1572.7695167286245,1765.3096412451102,1.07,1446.5964065032242,1694.6610700597596,248.06466355653538,right,SHINEd_ScannerShoplifting.jpg,congruent,m,698.635941,j,j,right,"(862, 362)",100,1,675.135171776733,83.3258119731613,705.75,127,4,0,0.0
57,53,58,3,0.0,0.05325077399380805,1581.487306501548,1626.827094719,0.57,1550.9732470636511,1455.3737472687199,-95.59949979493105,right,SHINEd_eggs.jpg,incongruent,n,438.28759299999996,f,f,left,"(862, 362)",296,1,415.204913865368,-176.604445938203,822.26,291,2,1,
58,53,59,5,0.0,0.10780669144981413,1292.5613382899628,1351.44530343578,0.5,1599.9402105726174,1212.0417014169616,-387.8985091556558,left,SHINEd_clementine.jpg,congruent,n,602.596647,f,f,left,"(148, 362)",359,1,579.932057954004,-11.8773018495674,767.55,81,2,0,0.0
59,53,60,4,0.0,0.09171410499683744,1346.1499051233395,1507.60126069004,1.35,1409.3114446027955,1402.038119349947,-7.273325252848508,right,SHINEd_beetle.jpg,incongruent,n,647.581427,f,f,left,"(862, 362)",356,1,625.3349280426401,33.525568239068306,637.46,302,1,0,0.0
60,53,61,5,0.052565707133917394,0.21151439299123906,1294.1357947434292,1435.3866073689999,1.34,1311.5473811555264,1301.5432190171095,-10.00416213841686,right,SHINEd_Boar.jpg,incongruent,n,523.149714,f,f,left,"(862, 362)",264,1,501.32130513127504,-90.488054672296,800.25,389,4,0,0.0
61,53,62,5,0.06130030959752322,0.2464396284829721,1080.553560371517,1223.11853939459,1.2,1370.4219613467194,1151.3484354413627,-219.07352590535675,left,SHINEd_Seal_animal.jpg,congruent,n,558.330263,f,f,left,"(148, 362)",379,1,536.9199442199109,-54.8894155836604,535.02,396,3,0,0.0
62,53,63,3,0.0,0.060088551549652126,1264.2903225806454,1474.64391192055,1.21,1255.4836904880156,1397.3278071026605,141.84411661464492,left,SHINEd_Toolbox_RedOpen.jpg,incongruent,m,652.545027,j,j,right,"(148, 362)",39,1,631.5527983085469,39.7434385049754,718.14,39,2,1,
63,53,64,4,0.07187112763320942,0.20817843866171004,1273.4188351920693,1453.0034038129502,1.36,1216.4244589874202,1349.751668495603,133.32720950818293,right,SHINEd_Lighter_Yellow.jpg,congruent,m,568.424715,j,j,right,"(862, 362)",104,1,547.850576397182,-43.958783406388996,623.68,392,4,0,0.0
64,53,65,6,0.0,0.14356435643564355,1250.9950495049507,1370.28437660952,1.44,1351.2621555763976,1232.8919845715316,-118.37017100486605,left,SHINEd_MalletJudge.jpg,incongruent,m,555.42159,j,j,right,"(148, 362)",35,1,535.2655414858181,-56.5438183177532,2082.74,228,4,0,0.0
65,53,66,4,0.0,0.07868649318463444,1114.6864931846344,1289.99956769687,1.81,1316.2355388660485,1218.8253981966236,-97.41014066942488,left,SHINEd_Iguana.jpg,congruent,n,598.9515299999999,f,f,left,"(148, 362)",387,1,579.2135715744539,-12.5957882291175,646.85,227,3,1,1.0
66,53,67,3,0.0,0.052012383900928785,1273.3616099071207,1355.2740992187598,2.0,1171.518145288485,1322.6569852852365,151.13883999675159,right,SHINEd_TigerWhite.jpg,incongruent,n,537.523148,f,f,left,"(862, 362)",440,1,518.203279663089,-73.60608014048191,766.53,157,4,1,1.0
67,53,68,2,0.08302354399008674,0.15427509293680294,1288.9894671623294,1684.3275038086801,2.0,1196.5436080158904,1525.3858555851828,328.8422475692924,right,SHINEd_Sheep.jpg,incongruent,n,501.70917000000003,f,f,left,"(862, 362)",300,1,482.807391751725,-109.001968051846,509.72,289,1,1,
68,53,69,2,0.0,0.023529411764705882,1678.097213622291,1783.5045230574399,1.98,1358.4536722637808,1715.1045238884296,356.6508516246488,right,SHINEd_Dart.jpg,congruent,m,600.036055,j,j,right,"(862, 362)",20,1,581.5523668403611,-10.2569929632105,656.55,79,2,0,0.0
69,53,70,2,0.0,0.027881040892193308,1821.0439900867411,2036.8987215178306,1.09,1575.615051625646,1774.626415277621,199.011363651975,right,SHINEd_Lettuce_GreenLeaf.jpg,incongruent,n,611.819395,f,f,left,"(862, 362)",248,1,593.753796928997,1.94443712542514,672.92,167,3,1,1.0
70,53,71,2,0.0,0.028482972136222914,1550.7467492260062,1825.6059573229602,2.0,1770.372293876586,1706.3277735591992,-64.04452031738674,right,SHINEd_ornament.jpg,congruent,m,575.53253,j,j,right,"(862, 362)",224,1,557.885022017632,-33.924337785939194,9823.62,433,2,0,0.0
71,53,72,1,0.0,0.0,1780.9384711000619,1861.3342823186,0.91,1684.2494224461745,1665.4464694542887,-18.802952991885828,right,SHINEd_dove.jpg,incongruent,n,457.741103,f,f,left,"(862, 362)",308,1,440.51168510626803,-151.29767469730302,1765.66,313,1,0,0.0
72,53,73,1,0.0,0.0,1665.947987616099,1840.97529697465,1.26,1663.5182616804261,1705.4870706284064,41.96880894798028,right,SHINEd_Ball_Football.jpg,congruent,m,621.4895769999999,j,j,right,"(862, 362)",128,1,604.678249194904,12.8688893913322,528.29,208,4,1,1.0
73,53,74,4,0.0,0.1654275092936803,1485.2125154894673,1742.5970779846302,0.5,1713.9898656113662,1355.4993637308178,-358.4905018805484,left,SHINEd_Candleholder_LampShaped.jpg,incongruent,m,879.7800679999999,j,j,right,"(148, 362)",111,1,863.386830283539,271.577470479968,641.28,85,2,0,0.0
74,53,75,4,0.0,0.07801857585139317,1423.0705882352938,1591.7092918164901,1.21,1567.1322540717329,1459.3885951988882,-107.74365887284466,left,SHINEd_Stingray.jpg,congruent,n,660.7576190000001,f,f,left,"(148, 362)",315,1,644.782471372175,52.9731115686035,941.92,95,3,1,1.0
75,53,76,5,0.0,0.08297213622291022,1344.8761609907124,1394.7386334646899,0.5,1437.9010839177367,1275.1256337344591,-162.7754501832776,right,SHINEd_alarm.jpg,congruent,m,527.6937360000001,j,j,right,"(862, 362)",96,1,512.136678460811,-79.6726813427608,462.32,406,3,0,0.0
76,53,77,4,0.0,0.2633209417596035,1342.0235439900864,1648.95369686099,1.53,1372.300008308087,1431.6120569318177,59.312048623730796,right,SHINEd_Dill.jpg,incongruent,n,562.337074,f,f,left,"(862, 362)",256,1,547.198106549446,-44.611253254125,485.52,236,3,1,1.0
77,53,78,6,0.18711276332094176,0.5030978934324659,1201.2992565055765,1884.10337822858,1.46,1344.7525892394801,1474.8518570819647,130.09926784248478,right,SHINEd_Hat_Explorer.jpg,congruent,m,598.567686,j,j,right,"(862, 362)",188,1,583.8468086380819,-7.96255116548941,717.46,108,2,0,0.0
78,53,79,4,0.0,0.07402912621359223,1159.9223300970873,1271.35371660577,1.39,1451.7964623974099,1172.5096331798766,-279.2868292175333,right,SHINEd_Cougar.jpg,incongruent,n,528.607413,f,f,left,"(862, 362)",276,1,514.304625726718,-77.5047340768538,615.34,174,3,0,0.0
79,53,80,3,0.07234825260576333,0.1630901287553648,1141.191293684856,1468.4596884395098,1.17,1319.1098030639191,1374.3841865943698,55.27438353045068,right,SHINEd_Cassette_Audio.jpg,congruent,m,539.265091,j,j,right,"(862, 362)",148,1,525.380393815353,-66.428965988218,2156.55,295,2,1,
80,53,81,5,0.0,0.10588235294117647,1319.5981424148606,1439.9266870182,1.38,1199.3813532442764,1369.1390003495155,169.75764710523913,left,SHINEd_Fence_Wooden.jpg,incongruent,m,615.724145,j,j,right,"(148, 362)",163,1,602.257537903989,10.4481781004177,360.09,207,3,0,0.0
81,53,82,6,0.07120743034055728,0.2414860681114551,1243.753560371517,1446.0221947497698,1.3,1310.313465816195,1352.928791515426,42.61532569923088,right,SHINEd_Glasses_Reading.jpg,congruent,m,674.757084,j,j,right,"(862, 362)",200,1,661.7085669926249,69.8992071890533,491.21,355,2,0,0.0
82,53,83,4,0.0,0.0966542750929368,1302.2912019826515,1373.34146955164,1.63,1335.89855947725,1307.3133048060238,-28.585254671226267,right,SHINEd_Pig.jpg,incongruent,n,502.29467999999997,f,f,left,"(862, 362)",424,1,489.66425308126,-102.145106722311,789.9,186,4,1,1.0
83,53,84,8,0.06198608475648324,0.26628716002530045,1135.8595825426946,1246.47078464107,0.5,1320.1869442510815,1128.9116837779359,-191.27526047314564,right,SHINEd_Guitar_Acoustic.jpg,congruent,m,506.27013099999994,j,j,right,"(862, 362)",12,1,494.057794169896,-97.75156563367528,783.45,182,1,1,
84,53,85,6,0.0,0.08730650154798762,1140.2538699690406,1219.8492127166198,2.0,1257.0095352918725,1189.9367060665222,-67.07282922535023,right,SHINEd_Squid_Pink.jpg,incongruent,n,534.223458,f,f,left,"(862, 362)",336,1,522.4292112585321,-69.3801485450396,1510.99,91,4,1,1.0
85,53,86,4,0.0,0.03841387856257745,1174.5210656753407,1382.20955238685,1.84,1167.73046583193,1189.7620769112186,22.031611079288496,right,SHINEd_Lock_Combination.jpg,congruent,m,536.775341,j,j,right,"(862, 362)",64,1,525.399184347168,-66.41017545640389,734.71,9,1,0,0.0
86,53,87,4,0.0,0.10464396284829723,1197.0885448916408,1285.6505312435302,1.85,1164.6436866563372,1207.2827320412987,42.63904538496149,left,SHINEd_Ferret.jpg,congruent,n,524.799413,f,f,left,"(148, 362)",239,1,513.841346435803,-77.9680133677683,1070.96,189,4,1,1.0
87,53,88,3,0.0,0.05885997521685254,1174.5415117719951,1295.1189136974601,1.82,1187.9608672173215,1210.2695813387904,22.308714121468935,left,SHINEd_Razor.jpg,incongruent,m,544.015267,j,j,right,"(148, 362)",119,1,533.4752905244391,-58.334069279132606,806.47,142,4,1,1.0
88,53,89,2,0.0,0.03219814241486068,1406.4538699690402,1561.7314577722,1.25,1181.7504738330424,1515.2967984243066,333.5463245912645,right,SHINEd_Bib.jpg,congruent,m,628.703813,j,j,right,"(862, 362)",136,1,618.581926613075,26.772566809503104,615.67,80,2,0,0.0
89,53,90,1,0.0,0.0,1554.2819083023544,1735.12393757577,1.13,1297.757494638445,1575.6785669186672,277.92107228022223,right,SHINEd_lorises.jpg,incongruent,n,527.132879,f,f,left,"(862, 362)",428,1,517.42908270171,-74.3802771018612,1238.91,317,3,0,0.0
90,53,91,2,0.0,0.02476780185758514,1547.6600619195044,1709.6771602532901,1.85,1501.7212058452026,1564.2433892163242,62.522183371121635,right,SHINEd_Kangaroo.jpg,incongruent,n,442.894776,f,f,left,"(862, 362)",312,1,433.609069790346,-158.20029001322598,640.05,111,4,1,1.0
91,53,92,2,0.0,0.07806691449814128,1308.0811648079307,1448.2045641818695,0.5,1559.906715463881,1194.8389303292226,-365.0677851346584,left,SHINEd_Hippopotamus.jpg,congruent,n,623.289623,f,f,left,"(148, 362)",367,1,614.422006878982,22.612647075410198,632.01,256,4,1,1.0
92,53,93,6,0.0,0.10154798761609908,1191.6990712074305,1188.27193408711,1.21,1415.9858178376928,1126.2603672207665,-289.7254506169263,left,SHINEd_Microwave.jpg,incongruent,m,626.7736980000001,j,j,right,"(148, 362)",155,1,618.3241719676171,26.5148121640458,684.3,253,2,0,0.0
93,53,94,6,0.035315985130111534,0.3023543990086741,1027.8705080545228,1209.16330122278,2.0,1211.6142678219219,1134.7011435360375,-76.91312428588434,right,SHINEd_Boots_KneeHigh.jpg,congruent,m,620.81715,j,j,right,"(862, 362)",152,1,612.785714056253,20.9763542526815,4632.96,430,2,0,0.0
94,53,95,2,0.0,0.02538699690402477,1331.315170278638,1624.9318305637396,1.85,1128.086913808732,1523.0617093031076,394.9747954943757,right,SHINEd_Scorpion.jpg,incongruent,n,528.5003690000001,f,f,left,"(862, 362)",396,1,520.887023144889,-70.9223366586828,703.22,160,2,1,
95,53,96,3,0.0,0.07558859975216853,1460.3680297397768,1678.0764426216901,1.5,1237.2368843677598,1582.2323492892954,344.99546492153564,left,SHINEd_Tractor_Orange.jpg,incongruent,m,588.353217,j,j,right,"(148, 362)",175,1,581.157961233524,-10.6513985700471,534.6,50,1,0,0.0
96,53,97,2,0.0,0.031914893617021274,1601.2834793491863,1661.97778978495,1.85,1433.5101780652178,1586.0861772609985,152.5759991957807,right,SHINEd_Light_Traffic.jpg,congruent,m,592.843067,j,j,right,"(862, 362)",180,1,586.0659013221599,-5.7434584814114,671.46,195,3,0,0.0
97,53,98,3,0.0,0.07492260061919505,1546.2229102167182,1811.99827636493,1.4,1528.1486853130173,1659.762572125592,131.61388681257472,left,SHINEd_Stapler_Regular.jpg,incongruent,m,588.847724,j,j,right,"(148, 362)",43,1,582.488648410796,-9.320711392775769,1005.46,143,2,0,0.0
98,53,99,2,0.0,0.022318660880347174,1607.5269683818972,1746.9553312834198,1.84,1568.7716901348097,1627.7315366243968,58.95984648958711,right,SHINEd_CanOpener.jpg,congruent,m,608.320494,j,j,right,"(862, 362)",160,1,602.379508499431,10.57014869586,1093.21,342,2,0,0.0
99,53,100,3,0.09721362229102168,0.21114551083591326,1385.625386996904,1564.89941518413,0.5,1580.7506483684288,1504.0739012467443,-76.67674712168446,left,SHINEd_FireHydrant.jpg,incongruent,m,763.412384,j,j,right,"(148, 362)",167,1,757.889488588067,166.080128784496,781.15,211,2,0,0.0
100,53,101,5,0.0,0.25712515489467164,1315.9776951672866,1367.41797887904,0.5,1553.2579317268646,1162.292450977509,-390.9654807493557,left,SHINEd_Belt.jpg,incongruent,m,486.884315,j,j,right,"(148, 362)",195,1,481.779509676703,-110.029850126869,3661.36,364,2,0,0.0
101,53,102,5,0.0,0.09969040247678017,1221.7386996904024,1569.5319227368698,1.77,1396.0274438346055,1481.153903756661,85.12645992205556,left,SHINEd_tooth.jpg,congruent,n,826.4932980000001,f,f,left,"(148, 362)",363,1,821.806582765338,229.997222961767,781.44,125,4,1,1.0
102,53,103,5,0.0638561686298822,0.2324860508369498,1318.192808431494,1417.1719107902302,0.98,1252.8862007083335,1368.5297072514272,115.64350654309374,right,SHINEd_HorseshoeCrab.jpg,incongruent,n,629.169504,f,f,left,"(862, 362)",260,1,624.900878853974,33.0915190504026,939.0,124,4,1,1.0
103,53,104,4,0.0,0.06501547987616099,1239.2061919504645,1295.5323763960198,1.83,1345.3519708498113,1207.809637399333,-137.54233345047828,left,SHINEd_beluga.jpg,congruent,n,449.95908,f,f,left,"(148, 362)",431,1,446.10854494260997,-145.700814860962,671.16,132,2,0,0.0
104,53,105,3,0.0,0.06939281288723669,1137.5198265179679,1215.92131765495,0.5,1310.09167252877,1011.6127668882319,-298.47890564053813,right,SHINEd_RibbonSpool.jpg,congruent,m,580.652304,j,j,right,"(862, 362)",80,1,577.2198590312449,-14.589500772326,774.35,59,3,0,0.0
105,53,106,3,0.13126934984520125,0.23034055727554176,949.6037151702786,1534.8940333478,1.86,1167.7076963760671,1368.526099287491,200.81840291142385,right,SHINEd_Pear_Yellow.jpg,incongruent,n,672.2466730000001,j,f,left,"(862, 362)",416,0,669.232318119881,77.4229583163097,521.78,435,2,0,0.0
106,53,107,4,0.0,0.1360544217687075,1272.1471861471862,1622.4359543405499,1.79,1129.7768721021848,1328.532346209371,198.75547410718627,left,SHINEd_Sand.jpg,congruent,n,659.829576,f,f,left,"(148, 362)",279,1,657.233311208517,65.4239514049454,698.57,184,2,1,
107,53,108,4,0.0,0.1053283767038414,1461.0396530359353,1680.33006333355,1.96,1225.3284914332155,1549.5832403736365,324.254748940421,right,SHINEd_maggotts.jpg,incongruent,n,566.524958,f,f,left,"(862, 362)",392,1,564.346783297152,-27.462576506418902,838.74,118,4,1,1.0
108,53,109,6,0.07558859975216853,0.3234200743494424,1386.589219330855,1629.6107454300302,0.5,1358.5739593854485,1391.9225749457125,33.34861556026408,right,SHINEd_Bottle_Bleach.jpg,congruent,m,561.6906280000001,j,j,right,"(862, 362)",212,1,559.9305433857879,-31.878816417783298,535.57,284,2,0,0.0
109,53,110,5,0.0,0.11021671826625387,1287.6055727554178,1539.10007635144,1.99,1486.384066252919,1351.7978678308525,-134.58619842206645,right,SHINEd_papaya.jpg,incongruent,n,589.1071059999999,f,f,left,"(862, 362)",292,1,587.765111474424,-4.04424832914751,892.27,179,1,0,0.0
110,53,111,2,0.0,0.0322180916976456,1563.4454770755883,1865.8148348255304,1.83,1385.0989235666364,1735.8792124804627,350.78028891382627,right,SHINEd_Outhouse.jpg,congruent,m,681.094012,j,j,right,"(862, 362)",164,1,680.17010756306,88.36074775948809,638.46,312,2,0,0.0
111,53,112,3,0.0,0.0804953560371517,1577.6978328173377,1711.53082273649,1.83,1440.5523307328353,1565.6747146324594,125.12238389962408,left,SHINEd_CDstack.jpg,incongruent,m,637.2757019999999,j,j,right,"(148, 362)",15,1,636.7698876516951,44.960527848123796,944.69,84,1,0,0.0
112,53,113,3,0.0,0.06695598264104154,1558.5027898326098,1700.7861792986905,1.68,1589.4326066622166,1582.9960066718356,-6.436599990380954,left,SHINEd_aloe.jpg,congruent,n,697.6832059999999,f,f,left,"(148, 362)",299,1,697.5954817403309,105.78612193676001,540.0,329,3,0,0.0
113,53,114,3,0.0,0.11145510835913312,1558.505263157895,1877.70605273218,1.64,1551.527335602323,1687.7860237632958,136.2586881609727,left,SHINEd_Chimpanzee.jpg,congruent,n,835.861509,f,f,left,"(148, 362)",255,1,836.191874828967,244.382515025395,797.65,34,1,0,0.0
114,53,115,2,0.0,0.031914893617021274,1665.7609511889862,1734.9895660714599,1.26,1556.8679836269648,1636.081652560973,79.21366893400818,right,SHINEd_housefly.jpg,incongruent,n,552.9867469999999,f,f,left,"(862, 362)",420,1,553.735202917602,-38.0741568859691,753.38,106,2,0,0.0
115,53,116,1,0.0,0.0,1582.3479876160989,1643.96570043014,0.81,1603.4447670322174,1535.007965113874,-68.43680191834346,right,SHINEd_Clothespin_Red.jpg,congruent,m,580.134512,j,j,right,"(862, 362)",60,1,581.301058006238,-10.5083017973335,1166.71,86,2,0,0.0
116,53,117,1,0.0,0.0,1617.4200743494425,2002.6010888854198,1.88,1597.6068747117438,1792.234520311686,194.62764559994233,right,SHINEd_Camel_Bactrian.jpg,incongruent,n,502.663296,f,f,left,"(862, 362)",344,1,504.247932094874,-87.56142770869779,589.59,270,2,0,0.0
117,53,118,2,0.0,0.051425030978934326,1634.0179677819085,1892.1802676225693,1.89,1604.8285216397446,1632.865286351644,28.036764711899423,left,SHINEd_Swan.jpg,congruent,n,619.680968,f,f,left,"(148, 362)",443,1,621.683694183509,29.874334379937896,607.75,147,2,1,
118,53,119,2,0.0,0.039009287925696585,1814.106501547988,1926.7500012073,1.71,1639.3611810521911,1862.0010758330511,222.63989478086003,right,SHINEd_vulture.jpg,incongruent,n,869.3244789999999,f,f,left,"(862, 362)",436,1,871.745295272145,279.935935468574,932.44,321,3,0,0.0
119,53,120,2,0.0,0.028518288902665837,1790.3013019218847,1900.4953816887198,1.41,1723.0843578297315,1819.07427122732,95.98991339758844,left,SHINEd_alligator.jpg,congruent,n,527.095147,f,f,left,"(148, 362)",355,1,529.934053360781,-61.8753064427907,976.27,153,3,1,1.0
120,53,121,1,0.0,0.0,1801.7619342839428,1895.2466091115198,0.93,1812.0673500648466,1686.2947634367233,-125.77258662812322,left,SHINEd_KeyHook_Empty.jpg,incongruent,m,595.192575,j,j,right,"(148, 362)",223,1,598.449571449416,6.64021164584499,563.56,269,2,0,0.0
121,53,122,1,0.0,0.0,1530.9931846344489,1655.7174270175,1.85,1778.5199105750446,1498.7352844371471,-279.7846261378975,left,SHINEd_Seashell_RoseMurex.jpg,congruent,n,478.411716,f,f,left,"(148, 362)",327,1,482.086802538052,-109.72255726551901,946.22,100,4,1,1.0
122,53,123,2,0.0,0.0469630557294928,1575.2842830306824,1992.7014292058,1.86,1646.3366110184447,1764.2901573809759,117.95354636253114,right,SHINEd_sloth.jpg,incongruent,n,698.157928,f,f,left,"(862, 362)",304,1,702.251104626688,110.441744823116,678.53,158,4,1,1.0
123,53,124,2,0.0,0.050805452292441135,1712.2657992565055,1995.9801163232398,1.96,1556.304258838801,1790.6911489586105,234.38689011980958,left,SHINEd_ashtray.jpg,incongruent,m,749.956205,j,j,right,"(148, 362)",227,1,754.467471715323,162.658111911752,696.1,224,2,0,0.0
124,53,125,1,0.0,0.0,1860.5145510835916,1967.01351013583,0.5,1668.332507483258,1710.653669829466,42.321162346207984,left,SHINEd_mapleleaf.jpg,congruent,n,409.562632,j,f,left,"(148, 362)",335,0,414.491988803959,-177.317370999612,739.95,453,2,0,0.0
125,53,126,2,0.0,0.05459057071960298,1541.5787841191068,1730.1256745344501,0.5,1775.225744159676,1441.5177122902066,-333.7080318694691,right,SHINEd_fig.jpg,incongruent,n,628.063171,f,f,left,"(862, 362)",412,1,633.410617892595,41.601258089023396,822.2,68,3,1,1.0
126,53,127,1,0.0,0.0,1506.7032218091697,1533.5707120568,0.5,1672.1208257748376,1456.273002354547,-215.8478234202903,right,SHINEd_Exercise_Bike.jpg,congruent,m,551.2278769999999,j,j,right,"(862, 362)",24,1,556.99341398123,-34.8159458223409,581.53,116,3,0,0.0
127,53,128,1,0.0,0.0,1427.7001239157373,1479.1181181056302,1.0,1506.5405901152512,1408.1198352919773,-98.42075482327392,right,SHINEd_Cow.jpg,incongruent,n,450.658872,f,f,left,"(862, 362)",320,1,456.84249906986605,-134.966860733705,1374.71,2,4,1,1.0
128,53,129,1,0.0,0.0,1386.8941831683167,1522.1379008375302,2.0,1462.104948099755,1436.2345745396274,-25.870373560127522,right,SHINEd_Pitcher.jpg,congruent,m,566.960752,j,j,right,"(862, 362)",56,1,573.5624691585019,-18.246890645069602,1502.95,399,2,0,0.0
129,53,130,1,0.0,0.0,1579.942414860681,1695.9939826249,1.07,1406.5056877406525,1541.6960168801238,135.19032913947126,right,SHINEd_Banana.jpg,incongruent,n,530.816392,f,f,left,"(862, 362)",376,1,537.836199247137,-53.973160556434,1069.53,223,4,1,1.0
130,53,131,1,0.0,0.0,1399.2191950464396,1501.55464055002,1.98,1494.038984607482,1442.6056658172213,-51.43331879026073,right,SHINEd_Button.jpg,congruent,m,573.750689,j,j,right,"(862, 362)",4,1,581.188586335773,-10.620773467798301,1668.32,239,4,1,1.0
131,53,132,3,0.05816831683168318,0.15655940594059406,1314.5222772277227,1466.28359398452,0.5,1493.646169118126,1274.0638200539054,-219.58234906422058,right,SHINEd_FireExtinguisher.jpg,congruent,m,600.42219,j,j,right,"(862, 362)",112,1,608.278177424409,16.4688176208375,524.53,334,3,0,0.0
132,53,133,4,0.0,0.15875,1268.219375,1526.9261698694504,1.88,1387.2284031940476,1399.5342136941022,12.305810500054575,left,SHINEd_Ship_Model.jpg,incongruent,m,868.7581130000001,j,j,right,"(148, 362)",83,1,877.0321905130439,285.222830709473,577.98,26,2,1,
133,53,134,5,0.08106435643564358,0.2858910891089109,1353.4919554455444,1599.5342115147698,0.75,1319.7692323563224,1465.503321178977,145.73408882265468,left,SHINEd_Peach.jpg,congruent,n,910.975151,f,f,left,"(148, 362)",323,1,919.6673186016801,327.857958798109,697.82,297,3,0,0.0
134,53,135,6,0.0,0.1579925650557621,1375.6313506815366,1438.98905003773,0.94,1386.8480616967013,1326.1252019487008,-60.72285974800048,left,SHINEd_Bat_Baseball.jpg,incongruent,m,475.65948,j,j,right,"(148, 362)",127,1,484.769737690316,-107.039622113256,910.19,138,4,1,1.0
135,53,136,7,0.0,0.17657992565055766,1413.3649318463447,1684.4173324324204,0.6,1422.3471055898333,1272.282041307839,-150.06506428199418,right,SHINEd_rhino.jpg,incongruent,n,423.409553,f,f,left,"(862, 362)",352,1,432.93790077895204,-158.87145902462,748.94,247,3,1,1.0
136,53,137,6,0.1624302541847489,0.33725976441413513,1095.2269063856168,1572.8772350301801,1.29,1378.6209835041614,1379.0600322458304,0.4390487416687847,right,SHINEd_Earrings_Dangling.jpg,congruent,m,714.820441,j,j,right,"(862, 362)",196,1,724.766878867587,132.957519064016,689.91,103,4,1,1.0
137,53,138,7,0.12460864120225425,0.3268628678772699,1107.613024420789,1369.92679586343,1.14,1382.4376660784658,1230.3268523199977,-152.11081375846808,right,SHINEd_Fridge.jpg,congruent,m,438.97579299999995,j,j,right,"(862, 362)",44,1,449.34032095622297,-142.469038847348,632.73,133,3,1,1.0
138,53,139,5,0.0,0.08854489164086687,1197.1597523219816,1383.16691820096,1.75,1315.8151082545082,1322.4790396440926,6.663931389584378,right,SHINEd_Buffalo.jpg,incongruent,n,377.952738,j,f,left,"(862, 362)",432,0,388.73535604485903,-203.074003758713,1046.51,141,3,1,1.0
139,53,140,7,0.07439553626782393,0.21326720396776194,1183.8921264724115,1324.3317230273801,0.5,1238.4605384609908,1207.9079839326478,-30.552554528343077,right,SHINEd_Hammock.jpg,congruent,m,589.27243,j,j,right,"(862, 362)",208,1,600.473138133494,8.66377832992291,344.88,385,2,1,
140,53,141,9,0.0,0.2408668730650155,1143.5312693498454,1218.7020666256099,0.51,1250.4321029015705,1074.6232765441484,-175.80882635742202,left,SHINEd_Organ.jpg,incongruent,m,569.196765,j,j,right,"(148, 362)",7,1,580.81556322213,-10.9937965814414,1901.73,249,4,1,1.0
141,53,142,8,0.0,0.1791692498450093,1100.2579045257282,1186.22367703248,1.75,1199.1704159892645,1142.444315340527,-56.72610064873743,right,SHINEd_Tape_Scotch.jpg,congruent,m,307.561609,j,j,right,"(862, 362)",228,1,319.598497310766,-272.21086249280603,654.52,357,2,0,0.0
142,53,143,9,0.07739938080495358,0.3448916408668731,1117.3275541795663,1403.2248157312604,1.16,1114.5218529389126,1228.15470877299,113.63285583407742,left,SHINEd_DryRack_Dishes.jpg,incongruent,m,399.472532,j,j,right,"(148, 362)",135,1,411.927510399401,-179.88184940417,696.93,137,4,1,1.0
143,53,144,4,0.0,0.06939281288723669,1212.3432465923172,1335.01980044446,1.78,1180.1474838789304,1277.800344752638,97.6528608737076,right,SHINEd_Box_Package.jpg,congruent,m,403.74737000000005,j,j,right,"(862, 362)",220,1,416.62043848803705,-175.18892131553397,527.55,305,3,0,0.0
144,53,145,4,0.0,0.0848297213622291,1277.0241486068112,1434.3882197484695,1.58,1236.6138604947635,1372.2550433081312,135.64118281336778,left,SHINEd_MousepadAndMouse.jpg,incongruent,m,462.18615300000005,j,j,right,"(148, 362)",99,1,475.47731157667295,-116.33204822689899,472.83,307,2,0,0.0
145,53,146,3,0.0,0.06957621758380772,1382.5559772296015,1567.66545426552,1.39,1259.7394849200764,1452.4469052324262,192.70742031234974,left,SHINEd_Bus_School.jpg,incongruent,m,492.665066,j,j,right,"(148, 362)",171,1,506.374314665308,-85.43504513826299,596.68,107,2,0,0.0
146,53,147,2,0.0,0.027215189873417717,1369.7873417721519,1403.4985244960299,1.55,1332.0851676056618,1369.0490924718133,36.9639248661515,right,SHINEd_SnowGlobe.jpg,congruent,m,529.016483,j,j,right,"(862, 362)",84,1,543.143821753944,-48.665538049627294,564.58,281,2,0,0.0
147,53,148,2,0.0,0.03337378640776699,1438.6268203883496,1610.09079565837,1.83,1372.867445452302,1535.2195691581023,162.3521237058003,right,SHINEd_gazelle.jpg,incongruent,n,450.55883,j,f,left,"(862, 362)",268,0,465.10425884257995,-126.705100960992,632.34,14,3,0,0.0
148,53,149,5,0.06319702602230483,0.2509293680297397,1319.402106567534,1521.9110277825598,1.43,1403.5240454162883,1384.7107607274818,-18.813284688806558,left,SHINEd_Caribou.jpg,congruent,n,550.8097730000001,f,f,left,"(148, 362)",435,1,565.773291931215,-26.036067872356,695.03,254,2,0,0.0
149,53,150,4,0.0,0.0804953560371517,1351.7306501547987,1528.9266866748,1.31,1440.8307125720469,1391.8872115640554,-48.943501007991465,left,SHINEd_moth.jpg,congruent,n,433.22441799999996,f,f,left,"(148, 362)",427,1,448.606027019851,-143.20333278372,729.75,261,3,1,1.0
150,53,151,5,0.0,0.10200250312891114,1190.7590738423028,1244.38757035802,0.5,1379.9385836158099,1085.9746014064224,-293.9639822093875,left,SHINEd_white sesame.jpg,congruent,n,525.1747330000001,f,f,left,"(148, 362)",371,1,540.974432108487,-50.8349276950846,978.66,64,4,1,1.0
151,53,152,5,0.0,0.10075093867334167,1111.5394242803504,1275.15306526761,1.73,1256.9484697014336,1187.364039600669,-69.58443010076462,right,SHINEd_bullrush.jpg,incongruent,n,618.1419440000001,f,f,left,"(862, 362)",324,1,634.359733197123,42.550373393551105,617.71,32,4,0,0.0
152,53,153,5,0.047619047619047616,0.2048872180451128,1218.1911027568922,1510.51933233315,1.2,1134.2679908320677,1433.5547821366363,299.2867913045686,left,SHINEd_Harp.jpg,incongruent,m,613.757783,j,j,right,"(148, 362)",11,1,630.393662285758,38.5843024821868,507.24,456,2,0,0.0
153,53,154,5,0.0,0.12260061919504645,1512.4557275541795,1707.18731883068,0.9,1222.9633379220552,1523.017096185498,300.0537582634429,left,SHINEd_Puffin.jpg,congruent,n,593.257795,f,f,left,"(148, 362)",231,1,610.311764374394,18.502404570822502,333.03,386,3,1,1.0
154,53,155,8,0.014879107253564788,0.18784872907625544,1386.8350898946067,1449.41054677376,0.5,1422.0648595016376,1315.2863499192147,-106.77850958242287,right,SHINEd_Key_Car.jpg,congruent,m,574.2104059999999,j,j,right,"(862, 362)",176,1,591.68246546303,-0.12689434054180498,1439.68,96,2,0,0.0
155,53,156,9,0.08302354399008674,0.2868649318463445,1083.6462205700122,1243.97863242653,1.4,1473.5104266891046,1152.2417235630573,-321.2687031260475,left,SHINEd_zebra.jpg,congruent,n,464.95598600000005,f,f,left,"(148, 362)",447,1,482.846135551665,-108.963224251906,709.47,382,2,0,0.0
156,53,157,8,0.0,0.1603715170278638,1037.5300309597524,1143.5636420757598,1.77,1292.5931780126575,1098.4801506696956,-194.1130273429619,left,SHINEd_Box_GiftTopView.jpg,incongruent,m,644.168339,j,j,right,"(148, 362)",219,1,662.476578640301,70.6672188367295,605.14,413,2,0,0.0
157,53,158,6,0.0,0.11586121437422553,1188.7453531598512,1379.78963044004,1.35,1102.0625529586107,1253.23563608763,151.17308312901923,left,SHINEd_Oars.jpg,incongruent,m,454.90506799999997,j,j,right,"(148, 362)",19,1,473.631397728937,-118.17796207463499,556.43,455,2,0,0.0
158,53,159,4,0.0,0.0718266253869969,1178.59133126935,1244.25151305292,1.55,1116.3910820183355,1195.5018984100268,79.11081639169129,left,SHINEd_feather.jpg,congruent,n,426.34575700000005,j,f,left,"(148, 362)",415,0,445.49017681757203,-146.319182985999,1387.95,388,4,1,1.0
159,53,160,7,0.10037174721189593,0.26517967781908297,1040.6573729863694,1216.9326430163499,1.29,1190.1752945375715,1139.496986867962,-50.678307669609474,left,SHINEd_Nuts_Peanuts.jpg,congruent,n,551.182462,f,f,left,"(148, 362)",235,1,570.744971906208,-21.0643878973634,767.59,217,4,1,1.0
160,53,161,9,0.0,0.2478314745972739,1012.8556381660472,1086.52997476372,0.68,1167.3511832687282,940.5271391401152,-226.82404412861297,left,SHINEd_firetruck.jpg,incongruent,m,577.903831,j,j,right,"(148, 362)",179,1,597.884430994844,6.07507119127222,502.41,348,2,0,0.0
161,53,162,5,0.07554179566563468,0.19690402476780186,870.0191950464398,1330.3416923609698,1.84,1074.182057824355,1145.0082787071754,70.82622088282028,left,SHINEd_alfalfa.jpg,congruent,n,678.032158,j,f,left,"(148, 362)",283,0,698.430848083479,106.62148827990801,590.1,425,3,0,0.0
162,53,163,4,0.06075635461872288,0.22070675759454436,1226.0229386236826,1463.62342839203,1.4,979.7715720711604,1395.421414111811,415.64984204065047,left,SHINEd_Notepad.jpg,incongruent,m,616.427331,j,j,right,"(148, 362)",71,1,637.244111172115,45.43475136854361,665.38,150,3,0,0.0
163,53,164,3,0.0,0.030959752321981424,1370.1981424148607,1531.71127208859,1.84,1172.4951952389224,1409.055492354722,236.56029711579936,left,SHINEd_tree.jpg,congruent,n,483.75972800000005,f,f,left,"(148, 362)",375,1,504.99459826075105,-86.8147615428207,711.77,303,2,0,0.0
164,53,165,4,0.07884856070087609,0.2528160200250313,1209.0926157697122,1387.07914991339,1.54,1359.138820006444,1270.251689232988,-88.88713077345597,right,SHINEd_Leaf_Green.jpg,incongruent,n,648.854423,f,f,left,"(862, 362)",448,1,670.507383349386,78.698023545815,571.31,319,3,0,0.0
165,53,166,5,0.0,0.2337259764414135,1174.3403595784253,1240.0902651497502,1.52,1347.3865538367454,1119.08412890706,-228.30242492968543,right,SHINEd_Clam.jpg,incongruent,n,459.663763,f,f,left,"(862, 362)",340,1,481.734813438022,-110.074546365549,698.71,16,4,0,0.0
166,53,167,9,0.0,0.21609907120743035,1091.1009287925697,1129.70271895321,1.12,1230.8923335465313,1069.8012165834966,-161.09111696303464,left,SHINEd_Olives.jpg,congruent,n,551.349867,f,f,left,"(148, 362)",419,1,573.8390075266581,-17.9703522769136,542.37,349,2,0,0.0
167,53,168,9,0.0,0.281908302354399,999.8060718711276,1114.71261948631,2.0,1113.6974895403823,990.9447445224733,-122.75274501790899,right,SHINEd_Squash_Butternut.jpg,incongruent,n,652.136497,f,f,left,"(862, 362)",444,1,675.0437276152929,83.234367811722,374.04,377,2,1,
168,53,169,4,0.08097928436911488,0.23163841807909605,1141.4839924670432,1534.1205945925306,1.29,1037.465364061644,1467.9127464709888,430.4473824093448,right,SHINEd_Garbage_GreenBin.jpg,congruent,m,663.0571570000001,j,j,right,"(862, 362)",144,1,686.382477703929,94.5731179003577,591.79,193,3,0,0.0
169,53,170,4,0.09293680297397768,0.25216852540272616,1310.8531598513014,1524.95986219788,1.29,1140.8557227440815,1375.946796174312,235.0910734302306,right,SHINEd_DrainPlug.jpg,congruent,m,,miss,j,right,"(862, 362)",140,0,,,542.37,209,2,1,
170,53,171,7,0.0,0.1739938080495356,1298.1907120743033,1486.2300652071801,0.97,1390.722526178763,1271.990558433216,-118.73196774554708,left,SHINEd_puffer-fish.jpg,congruent,n,533.713622,f,f,left,"(148, 362)",339,1,557.8751228812,-33.93423692237089,905.04,191,2,0,0.0
171,53,172,5,0.09479553903345724,0.2695167286245353,1015.4584882280051,1180.37862792837,1.21,1368.6601324998906,1123.7271539704484,-244.93297852944215,left,SHINEd_Light_Siren.jpg,incongruent,m,680.021476,j,j,right,"(148, 362)",95,1,704.601066969836,112.791707166265,408.98,272,2,0,0.0
172,53,173,9,0.07863777089783283,0.29287925696594425,1023.8241486068113,1217.66519189506,1.12,1205.217176134806,1098.7958504709077,-106.42132566389841,left,SHINEd_Fish_Swordfish.jpg,congruent,n,700.808974,f,f,left,"(148, 362)",331,1,725.806655058472,133.9972952549,1021.13,356,3,1,1.0
173,53,174,5,0.0,0.1294919454770756,1102.8599752168525,1397.1214680545804,2.0,1118.2885425763006,1215.5128513471898,97.22430877088915,right,SHINEd_Lion.jpg,incongruent,n,,miss,f,left,"(862, 362)",316,0,,,542.19,409,2,0,0.0
174,53,175,9,0.0,0.2371517027863777,1346.8247678018574,1521.85174606952,0.5,1120.828290857694,1225.5908432459942,104.76255238830026,left,SHINEd_OnionRed.jpg,congruent,n,467.70373099999995,f,f,left,"(148, 362)",383,1,493.53759223574303,-98.27176756782819,967.49,393,4,1,1.0
175,53,176,4,0.0,0.07868649318463444,1148.280049566295,1205.63941996867,1.42,1245.1046149204144,1153.5444331971205,-91.56018172329415,left,SHINEd_goldfish.jpg,congruent,n,614.300002,f,f,left,"(148, 362)",275,1,640.5519533243789,48.7425935208074,574.19,229,2,1,
176,53,177,5,0.03478810879190386,0.16192283364958887,1063.358001265022,1144.4374325529,0.89,1240.348969028279,1008.5856023803997,-231.76336664787937,right,SHINEd_Bird_CanadianGoose.jpg,incongruent,n,523.3440559999999,f,f,left,"(862, 362)",388,1,550.014097413015,-41.7952623905568,838.51,139,2,0,0.0
177,53,178,8,0.11735639283508338,0.3829524397776405,820.9703520691785,1028.3792999933698,1.21,1114.534318827398,945.4228581786948,-169.1114606487032,right,SHINEd_SpinningWheel.jpg,congruent,m,711.506455,j,j,right,"(862, 362)",124,1,738.5945865016499,146.785226698079,686.79,135,2,0,0.0
178,53,179,6,0.0,0.161090458488228,939.7707558859976,1087.47738404986,2.0,1008.0519138286792,984.8300511636064,-23.221862665072766,right,SHINEd_anteater.jpg,incongruent,n,698.2752389999999,f,f,left,"(862, 362)",368,1,725.781460590286,133.972100786715,372.4,441,2,0,0.0
179,53,180,7,0.05758513931888545,0.26687306501547986,1013.4972136222909,1155.83691235159,1.2,942.8066259041252,1061.3734444682648,118.5668185641397,left,SHINEd_bat.jpg,congruent,n,429.375655,f,f,left,"(148, 362)",403,1,457.299966678922,-134.50939312465,656.04,251,2,0,0.0
180,53,181,6,0.057620817843866176,0.2676579925650557,956.4448574969023,1253.0505838219199,1.58,1026.0969694938817,1138.9254958282145,112.82852633433276,left,SHINEd_sunflowers.jpg,congruent,n,624.954238,f,f,left,"(148, 362)",395,1,653.2966397675569,61.4872799639859,935.69,311,3,1,1.0
181,53,182,5,0.0,0.09969040247678017,1119.1263157894737,1134.3110984039,1.11,1068.9149658603983,1073.4068408876362,4.491875027237938,right,SHINEd_Cucumber.jpg,incongruent,n,811.9984509999999,f,f,left,"(862, 362)",364,1,840.7589428561929,248.949583052622,583.18,29,1,0,0.0
182,53,183,7,0.14312267657992564,0.3853779429987608,942.8983890954152,1193.6404186720802,1.64,1079.6509786107554,1139.7000706259605,60.04909201520513,left,SHINEd_lime.jpg,congruent,n,449.01452300000005,f,f,left,"(148, 362)",439,1,478.19310494482903,-113.616254858743,660.7,250,2,0,0.0
183,53,184,4,0.2501547987616099,0.5888544891640867,795.5448916408668,1187.68913901104,1.25,1094.5759890999902,1007.491290408242,-87.08469869174826,right,SHINEd_Pepper_Chili.jpg,incongruent,n,596.483406,f,f,left,"(862, 362)",240,1,626.080078033464,34.2707182298929,581.77,408,2,0,0.0
184,53,185,4,0.0,0.09231722428748453,894.1115241635687,1326.15624177798,2.0,1099.2894506889,1095.1778617593457,-4.111588929554273,right,SHINEd_Shampoo.jpg,congruent,m,895.751504,j,j,right,"(862, 362)",120,1,925.7662661221001,333.95690631852904,857.32,69,3,0,0.0
185,53,186,4,0.0,0.0891640866873065,1340.0668730650157,1594.62331067496,1.79,990.6317172418152,1513.0960114774011,522.4642942355858,left,SHINEd_KiddiePool.jpg,incongruent,m,402.458068,f,j,right,"(148, 362)",87,0,432.890920210736,-158.918439592836,641.89,78,2,0,0.0
186,53,187,3,0.0,0.0655940594059406,1425.118811881188,1488.91331837811,0.5,1150.239458767364,1364.6274403061107,214.3879815387468,right,SHINEd_CompassCardinal.jpg,congruent,m,430.99504400000006,j,j,right,"(862, 362)",40,1,461.845986299371,-129.9633735042,871.46,71,4,1,1.0
187,53,188,6,0.12136222910216718,0.6582043343653251,1108.0433436532508,1478.63943421975,1.6,1401.8375726708307,1303.2687098567626,-98.56886281406808,left,SHINEd_Bowtie.jpg,incongruent,m,482.566505,j,j,right,"(148, 362)",191,1,513.835537388007,-77.9738224155643,371.2,440,2,0,0.0
188,53,189,6,0.16047087980173486,0.4491945477075589,853.2013630731102,1279.98933483495,2.0,1341.9279175222132,1005.3015236076033,-336.62639391460993,right,SHINEd_groundhog.jpg,incongruent,n,,miss,f,left,"(862, 362)",404,0,,,1363.18,394,4,1,1.0
189,53,190,5,0.07306501547987616,0.2414860681114551,1278.6006191950466,1716.89855662389,1.31,1175.327385297368,1499.8402686194095,324.5128833220415,left,SHINEd_penguin.jpg,congruent,n,433.25825,f,f,left,"(148, 362)",307,1,465.36346256527804,-126.445897238293,767.01,338,3,0,0.0
190,53,191,5,0.0,0.20999367488931056,1429.7906388361796,1675.6038066215801,1.21,1239.190718250751,1482.3119876496253,243.12126939887435,left,SHINEd_Crab.jpg,congruent,n,422.234764,f,f,left,"(148, 362)",259,1,454.75806665391406,-137.051293149657,1980.62,395,2,0,0.0
191,53,192,6,0.10030959752321983,0.3820433436532508,1125.5120743034056,1409.7649109829501,1.87,1445.2209015433664,1243.7423578180606,-201.47854372530585,left,SHINEd_birdie.jpg,incongruent,m,553.863548,j,j,right,"(148, 362)",131,1,586.80494074255,-5.00441906102155,800.42,131,2,0,0.0
192,53,193,6,0.021236727045596503,0.2948157401623985,1052.1436602123672,1123.1794638725698,0.5,1351.1700203590115,941.3251692547052,-409.8448511043063,right,SHINEd_mint.jpg,incongruent,n,548.721606,j,f,left,"(862, 362)",360,0,582.081088831185,-9.72827097238595,566.39,346,2,0,0.0
193,53,194,5,0.0,0.12391573729863692,1123.9609665427506,1384.6270899592098,1.97,1145.899808602165,1320.478091909852,174.57828330768712,right,SHINEd_LifeJacket_BlueYellow.jpg,congruent,m,680.165847,j,j,right,"(862, 362)",16,1,713.943419919821,122.13406011625,553.09,35,1,0,0.0
194,53,195,4,0.04891640866873065,0.18575851393188852,1172.7770897832818,1332.37409325309,0.5,1101.9073749397062,1205.7335334143065,103.82615847460032,left,SHINEd_Staircase_Curving.jpg,incongruent,m,733.1676620000001,j,j,right,"(148, 362)",115,1,767.3633250084571,175.55396520488497,631.24,63,4,0,0.0
195,53,196,7,0.10959752321981424,0.3634674922600619,1011.0681114551084,1185.34674445172,0.5,1211.0517593098884,1039.5554554962448,-171.49630381364364,left,SHINEd_almond.jpg,congruent,n,520.603059,f,f,left,"(148, 362)",311,1,555.216812097093,-36.5925477064788,407.7,30,4,1,1.0
196,53,197,7,0.07301980198019803,0.3180693069306931,917.4133663366337,1070.28462132004,1.39,1178.7358552306252,980.0673810918961,-198.66847413872918,right,SHINEd_EspressoMachine.jpg,congruent,m,748.395747,j,j,right,"(862, 362)",156,1,783.427590185728,191.61823038215698,694.66,66,2,0,0.0
197,53,198,9,0.042105263157894736,0.23405572755417955,872.8625386996904,949.303161759755,1.18,1061.3064290503926,915.392312744464,-145.9141163059286,left,SHINEd_pine-cone-.jpg,congruent,n,615.107741,f,f,left,"(148, 362)",399,1,650.557674274364,58.7483144707925,535.95,206,2,0,0.0
198,53,199,7,0.08364312267657993,0.3215613382899628,787.8754646840149,1260.52295780968,2.0,958.7423033530999,994.7816620509697,36.03935869786972,left,SHINEd_LetterMail.jpg,incongruent,m,930.935476,j,j,right,"(148, 362)",75,1,966.803499363,374.99413955942805,957.18,263,3,1,1.0
199,53,200,5,0.10154798761609908,0.3226006191950465,1107.7659442724457,1452.20063971234,1.67,900.27170222444,1370.1891544717485,469.9174522473085,left,SHINEd_elbow.jpg,congruent,n,652.932817,f,f,left,"(148, 362)",263,1,689.218930451635,97.4095706480639,664.25,36,4,1,1.0
200,53,201,6,0.09045848822800497,0.30111524163568776,1152.814126394052,1693.84323339168,1.83,1096.2643515967613,1428.9431715370056,332.678819940244,right,SHINEd_seatAirplane.jpg,congruent,m,690.23212,j,j,right,"(862, 362)",172,1,726.936323540271,135.1269637367,589.34,283,2,0,0.0
201,53,202,4,0.0,0.1021671826625387,1605.3758513931891,1761.9817689734698,1.17,1294.0881656286576,1609.4859384376841,315.3977728090265,right,SHINEd_CoffeeBeans.jpg,incongruent,n,557.0284429999999,f,f,left,"(862, 362)",332,1,594.150736628907,2.3413768253352796,747.54,398,2,0,0.0
202,53,203,6,0.07063197026022305,0.22304832713754646,1379.9566294919455,1788.8275912925305,1.81,1451.4552906129486,1639.4693350837226,188.014044470774,left,SHINEd_tentacle.jpg,congruent,n,552.042955,f,f,left,"(148, 362)",247,1,589.583338717542,-2.22602108602908,616.6,156,4,1,1.0
203,53,204,5,0.08421052631578947,0.29226006191950465,1473.8724458204333,1676.94534062861,1.49,1563.2448957638128,1527.770153160901,-35.474742602911874,left,SHINEd_Flower_Daisy.jpg,congruent,n,507.58741799999996,f,f,left,"(148, 362)",351,1,545.545891806178,-46.2634679973934,684.82,244,1,0,0.0
204,53,205,8,0.05885997521685254,0.258364312267658,1366.0638166047088,1610.3347669177401,1.27,1580.0817705570355,1512.0749359557294,-68.00683460130608,left,SHINEd_FloppyDisk.jpg,incongruent,m,567.017736,j,j,right,"(148, 362)",147,1,605.394299894814,13.584940091242302,555.68,422,2,0,0.0
205,53,206,5,0.08173374613003095,0.2452012383900929,1208.7566563467492,1403.5810545735299,1.66,1531.5100141608457,1287.1240911512116,-244.3859230096341,right,SHINEd_Plum.jpg,incongruent,n,491.084138,j,f,left,"(862, 362)",244,0,529.878791983449,-61.9305678201221,975.82,140,1,0,0.0
206,53,207,7,0.06319702602230483,0.2218091697645601,1089.4250309789343,1462.84620325893,1.99,1377.3713063865805,1255.3061327077476,-122.0651736788329,left,SHINEd_Owl.jpg,congruent,n,479.447459,f,f,left,"(148, 362)",407,1,518.660203072085,-73.1491567314864,707.94,87,4,1,1.0
207,53,208,3,0.03765432098765432,0.14876543209876544,1295.1055555555556,1486.47203707214,1.97,1225.5941560275435,1360.3992332596865,134.80507723214305,right,SHINEd_PassionFruit.jpg,incongruent,n,585.377033,f,f,left,"(862, 362)",452,1,625.0078671607209,33.1985073571493,741.27,120,3,0,0.0
208,53,209,3,0.09051186017478152,0.2565543071161049,1209.6741573033707,1520.26773528953,1.83,1248.5716118723035,1392.7667372906783,144.1951254183748,right,SHINEd_Celery.jpg,incongruent,n,862.3317099999999,f,f,left,"(862, 362)",272,1,902.3806342493559,310.571274445785,728.99,25,4,1,1.0
209,53,210,4,0.0,0.08736059479553904,1253.6555142503098,1320.5512566012198,0.5,1355.138463826913,1178.7425645780204,-176.39589924889262,left,SHINEd_Coral.jpg,congruent,n,538.240109,f,f,left,"(148, 362)",455,1,578.707123337992,-13.102236465579299,1343.35,273,1,0,0.0
210,53,211,7,0.10092879256965943,0.3058823529411765,978.8916408668733,1134.8258771548599,0.52,1297.4420814539005,986.6472576758853,-310.79482377801526,right,SHINEd_Blackboard.jpg,congruent,m,613.089509,j,j,right,"(862, 362)",72,1,653.974613426628,62.1652536230564,776.48,52,4,0,0.0
211,53,212,7,0.08364312267657993,0.4083023543990087,860.3754646840149,1039.59185878549,1.29,1146.4267646536184,957.5467159491808,-188.88004870443763,left,SHINEd_Crayon_Green.jpg,incongruent,m,521.616441,j,j,right,"(148, 362)",63,1,562.919635515264,-28.8897242883079,304.59,331,3,0,0.0
212,53,213,9,0.13188854489164087,0.33622291021671824,773.6260061919504,1059.66111513396,2.0,1011.5073648343382,986.8877624909488,-24.619602343389374,left,SHINEd_KitchenCloth.jpg,incongruent,m,508.36744100000004,j,j,right,"(148, 362)",143,1,550.088725603899,-41.7206341996723,4491.06,444,2,0,0.0
213,53,214,9,0.13754646840148702,0.4603469640644362,791.8990086741018,1129.41159133133,0.58,937.5318745478422,937.406183506734,-0.12569104110821172,right,SHINEd_PencilCase.jpg,congruent,m,,miss,j,right,"(862, 362)",68,0,,,646.25,213,2,0,0.0
214,53,215,5,0.08111455108359134,0.27306501547987616,1193.797523219814,1682.87324879779,1.35,939.9076037822792,1416.0499964949645,476.14239271268525,left,SHINEd_Bed_Hospital.jpg,incongruent,m,675.678209,j,j,right,"(148, 362)",207,1,718.2356737811709,126.426313977599,524.52,412,2,0,0.0
215,53,216,7,0.11262376237623765,0.3527227722772277,1205.118193069307,1592.87617583427,1.33,1154.9582988767986,1429.2477955553045,274.2894966785059,left,SHINEd_Cage_Bird.jpg,incongruent,m,557.919724,j,j,right,"(148, 362)",123,1,600.895278869806,9.08591906623477,428.8,306,1,0,0.0
216,53,217,5,0.0,0.10712074303405572,1246.2730650154801,1350.2333808394699,1.62,1359.24885632613,1253.5385756063993,-105.71028071973068,left,SHINEd_tamarinds.jpg,congruent,n,442.31486500000005,j,f,left,"(148, 362)",451,0,485.708509958442,-106.10084984513,896.26,121,4,1,1.0
217,53,218,7,0.13551980198019806,0.3972772277227723,1063.3366336633662,1434.00257197334,1.13,1298.033241145228,1144.9468200981441,-153.08642104708383,left,SHINEd_MannequinBust.jpg,incongruent,m,458.395262,j,j,right,"(148, 362)",103,1,502.206997047078,-89.6023627564938,3124.37,452,2,0,0.0
218,53,219,5,0.09287925696594428,0.2557275541795665,927.5232198142417,1112.2796632249099,1.1,1232.6553924406285,924.8957049694247,-307.7596874712038,left,SHINEd_Stroller.jpg,incongruent,m,663.9060000000001,j,j,right,"(148, 362)",55,1,708.135825135713,116.32646533214199,693.81,83,3,0,0.0
219,53,220,8,0.10099132589838908,0.3909541511771995,776.2453531598512,1115.92004130836,1.51,1120.5101012277137,988.087676903598,-132.4224243241157,right,SHINEd_Tie.jpg,congruent,m,601.389938,j,j,right,"(862, 362)",192,1,646.037853224349,54.228493420777504,438.27,448,2,0,0.0
220,53,221,5,0.0,0.09226006191950464,981.1399380804953,1096.96897353748,1.52,960.8325210059828,1028.0229650253902,67.19044401940732,right,SHINEd_IroningBoard.jpg,congruent,m,373.252505,j,j,right,"(862, 362)",52,1,418.318510312985,-173.490849490587,1150.39,146,3,0,0.0
221,53,222,7,0.1721362229102167,0.4452012383900929,978.729411764706,1500.5537282128,1.39,950.9426490752167,1239.2589555917364,288.3163065165197,left,SHINEd_Eggplant.jpg,congruent,n,498.13415499999996,f,f,left,"(148, 362)",267,1,543.61825040162,-48.1911094019511,629.9,181,2,1,
222,53,223,9,0.07075767063243582,0.29805886036318097,917.2798998121476,1053.29741538125,1.6,1106.212652966501,997.9822366175188,-108.23041634898232,right,SHINEd_Bolt.jpg,congruent,m,541.917843,j,j,right,"(862, 362)",32,1,587.8200284902559,-3.9893313133154904,567.24,245,1,0,0.0
223,53,224,5,0.11389236545682102,0.3316645807259074,937.6120150187736,1194.7065521490802,1.1,1099.9047865486502,999.5045979544632,-100.40018859418717,left,SHINEd_Barbecue_Gas.jpg,incongruent,m,546.313534,j,j,right,"(148, 362)",159,1,592.6338095788919,0.824449775320254,484.85,279,3,0,0.0
224,53,225,4,0.08448060075093868,0.22215269086357947,1071.1314142678348,1552.83087020644,1.5,1021.4724630308682,1434.2471933612326,412.7747303303644,right,SHINEd_chick hatch.jpg,incongruent,n,572.889574,f,f,left,"(862, 362)",384,1,619.627939667527,27.818579863956,902.62,265,4,1,1.0
225,53,226,6,0.09011264080100123,0.2553191489361702,1169.915519399249,1324.23689381548,1.17,1141.2525486410402,1194.066263161555,52.81371452051485,left,SHINEd_Seahorse.jpg,congruent,n,401.50224,f,f,left,"(148, 362)",347,1,448.658695756163,-143.15066404740801,591.86,37,4,1,1.0
226,53,227,6,0.0,0.2675521821631879,1096.6255534471854,1277.24289575027,1.39,1267.0283789156115,1163.4979782995172,-103.5304006160943,left,SHINEd_paddle ball.jpg,incongruent,m,407.01967,f,j,right,"(148, 362)",27,0,454.59421584479895,-137.215143958773,838.37,70,3,1,1.0
227,53,228,8,0.07434944237918216,0.30111524163568776,1128.3599752168525,1224.1212968463499,0.54,1178.4171628332099,1224.06280193237,45.64563909916,right,SHINEd_bee.jpg,incongruent,n,489.61855199999997,j,f,left,"(862, 362)",380,0,537.6111879334339,-54.198171870136996,806.7,12,2,0,0.0
