,Unnamed: 0,Unnamed: 0.1,Unnamed: 0.1.1,Unnamed: 0.1.1.1,participant,trial_index,max(RIGHT_FIX_INDEX),avg(RIGHT_IN_BLINK),avg(RIGHT_IN_SACCADE),avg(RIGHT_PUPIL_SIZE),max_pupil,Time,avg_preceding_pupil,avg_pupil,change_pupil,screenposition,stimulus,trialtype,classifyenc,rt,response,responsecorrect,responsecorrect_side,screenlocation,stimnum,acc,rtResidual,rtResidualC,rt_rec,trialno_rec,ratingConfidence,acc_rec,memoryHits.hc,pupil_deviation,rt_deviation
0,0,0,0,0,1,1,4,0.0,0.07440100882723834,836.9161412358135,1013.29288203025,1.19,,863.6177292135635,,right,SHINEd_greenapple.jpg,incongruent,n,783.464615,f,f,left,"(862, 362)",410,1,805.649114443846,217.97501750240397,5038.71,68,2,0,0.0,167.36975926174625,211.25562587280706
1,1,1,1,1,1,2,5,0.0,0.11307643714466205,839.811749842072,1033.80944786839,1.19,910.40061095746,831.7663224329764,-78.63428852448362,left,SHINEd_cheetah.jpg,congruent,n,594.714525,f,f,left,"(148, 362)",245,1,616.702427147273,29.0283302058319,1470.05,199,2,0,0.0,135.51835248115913,22.50553587280706
2,2,2,2,2,1,3,4,0.0,0.07942464040025016,775.5578486554097,889.3313147106793,1.27,872.0692608768062,775.2959685556517,-96.77329232115449,left,SHINEd_Giraffe.jpg,congruent,n,527.060694,f,f,left,"(148, 362)",381,1,548.851998850697,-38.8220980907443,5217.08,236,2,0,0.0,79.04799860383446,-45.14829512719291
3,3,3,3,3,1,4,5,0.0,0.09293680297397768,772.1710037174721,921.330860091685,1.39,808.3761101827935,816.1007200911888,7.724609908395338,right,SHINEd_raccoon.jpg,incongruent,n,426.532232,f,f,left,"(862, 362)",262,1,448.126939554121,-139.547157387321,3535.96,26,3,1,1.0,119.85275013937157,-145.6767571271929
4,4,4,4,4,1,5,5,0.013480392156862746,0.15992647058823528,785.4742647058823,939.9283174081688,0.95,779.8728168495319,747.7356575839391,-32.1371592655928,right,SHINEd_airpump.jpg,congruent,m,478.39988700000004,j,j,right,"(862, 362)",114,1,499.797997257544,-87.8760996838971,1940.12,102,2,1,,51.48768763212183,-93.80910212719293
5,5,5,5,5,1,6,5,0.0,0.11564625850340135,823.3679653679652,1005.18079952795,1.18,794.0422852326683,822.9400580049735,28.897772772305192,right,SHINEd_BearPolar.jpg,incongruent,n,672.78546,f,f,left,"(862, 362)",386,1,693.986972960968,106.312876019526,1254.88,438,2,0,0.0,126.69208805315624,100.57647087280701
6,6,6,6,6,1,7,4,0.03375,0.141875,724.254375,839.2576094973558,0.97,819.9459292030876,738.6320748912985,-81.31385431178909,right,SHINEd_ClothCoaster.jpg,congruent,m,509.37878,j,j,right,"(862, 362)",142,1,530.383695664392,-57.290401277049796,1384.26,222,4,1,1.0,42.38410493948129,-62.83020912719293
7,7,7,7,7,1,8,4,0.04298356510745891,0.16561314791403287,703.2458912768648,851.204776536046,1.1,801.7018152575337,783.2376403898779,-18.464174867655746,left,SHINEd_Vase_Decorative copy.jpg,incongruent,m,554.7411490000002,j,j,right,"(148, 362)",221,1,575.549467367815,-12.1246295736262,1111.02,403,2,1,,86.98967043806067,-17.467840127192744
8,8,8,8,8,1,9,5,0.04150702426564496,0.16794380587484034,754.9636015325667,856.6945136897099,0.91,755.8322789428921,746.6399823590973,-9.192296583794814,right,SHINEd_accordion.jpg,congruent,m,448.89159800000004,j,j,right,"(862, 362)",10,1,469.503319071239,-118.170777870203,1173.13,413,3,1,1.0,50.392012407280035,-123.31739112719292
9,9,9,9,9,1,10,4,0.05625790139064475,0.1845764854614412,723.4633375474084,846.938101246221,0.99,777.322132269003,750.2632655844072,-27.05886668459573,left,SHINEd_Camera_Video.jpg,incongruent,m,374.036526,j,j,right,"(148, 362)",97,1,394.451649774663,-193.22244716677898,2621.86,14,2,0,0.0,54.01529563258998,-198.1724631271929
10,10,10,10,10,1,11,3,0.0,0.07019783024888322,793.0338225909381,943.3255881605741,1.19,784.7317187838707,789.6960025168463,4.964283732975673,left,SHINEd_Knee.jpg,congruent,n,458.788566,j,f,left,"(148, 362)",309,0,479.007092478086,-108.66700446335501,2349.54,265,3,1,1.0,93.44803256502905,-113.42042312719292
11,11,11,11,11,1,12,4,0.036030341340075864,0.13147914032869784,745.7793931731985,903.720165883596,1.11,784.804754072426,803.3380584910864,18.533304418660354,left,SHINEd_Saw.jpg,incongruent,m,391.90722,f,j,right,"(148, 362)",33,0,411.92914918151,-175.744947759932,1536.01,80,2,1,,107.09008853926912,-180.30176912719293
12,12,12,12,12,1,13,4,0.05071119356833643,0.15893630179344465,776.7705627705627,908.548517656792,1.01,782.9974778256079,788.0688767771035,5.071398951495553,left,SHINEd_whale.jpg,congruent,n,547.2230900000002,f,f,left,"(148, 362)",421,1,567.048421884933,-20.625675056508104,2207.1,263,4,1,1.0,91.82090682528622,-24.985899127192734
13,13,13,13,13,1,14,3,0.05243209096651927,0.14529374605180034,736.6329753632342,830.168204824326,1.42,801.307609434093,794.0231889808992,-7.2844204531937775,right,SHINEd_Grape.jpg,incongruent,n,519.023278,f,f,left,"(862, 362)",274,1,538.652012588357,-49.0220843530844,5271.97,41,2,0,0.0,97.775219029082,-53.185711127192924
14,14,14,14,14,1,15,5,0.0,0.09659442724458203,803.3337461300308,873.78748564011,1.07,803.8333051007685,792.2615681922806,-11.571736908487878,right,SHINEd_Nail.jpg,congruent,m,514.5698620000002,j,j,right,"(862, 362)",38,1,534.001999291781,-53.6720976496608,1758.7,258,3,1,1.0,96.01359824046335,-57.63912712719276
15,15,15,15,15,1,16,4,0.09523809523809523,0.23067408781694496,729.9659863945578,920.323739136111,0.96,795.0917275899254,777.3240591920908,-17.767668397834655,left,SHINEd_HairDryer.jpg,incongruent,m,639.184222,j,j,right,"(148, 362)",45,1,658.419761995204,70.74566505376279,2076.61,2,3,1,1.0,81.07608924027352,66.97523287280707
16,16,16,16,16,1,17,5,0.0,0.10318949343339588,762.9180737961226,860.9233436734537,1.04,808.9946627178862,757.3999149637822,-51.59474775410399,right,SHINEd_ChalkboardEraser.jpg,congruent,m,643.388649,j,j,right,"(862, 362)",62,1,662.427591698628,74.7534947571865,868.66,144,4,1,1.0,61.15194501196493,71.17965987280706
17,17,17,17,17,1,18,4,0.05378361475922452,0.17510944340212636,732.4659161976234,875.965289672072,1.05,788.5382582590289,777.0010233067813,-11.53723495224756,right,SHINEd_Cherry.jpg,incongruent,n,550.667552,f,f,left,"(862, 362)",258,1,569.509897402052,-18.16419953938989,1223.58,392,3,1,1.0,80.7530533549641,-21.54143712719292
18,18,18,18,18,1,19,5,0.04403318442884493,0.17038927887683472,787.5807275047862,909.4268167806032,1.29,773.6417153761221,836.27087507582,62.629159699697894,right,SHINEd_Starfish.jpg,incongruent,n,476.75020199999994,f,f,left,"(862, 362)",378,1,495.395950105475,-92.2781468359663,1112.45,251,3,1,1.0,140.0229051240027,-95.45878712719292
19,19,19,19,19,1,20,4,0.05882352941176471,0.17708333333333334,744.7849264705882,861.438571968664,0.9,811.6015869944355,757.5285179519483,-54.07306904248719,left,SHINEd_artichoke.jpg,congruent,n,488.47702599999997,f,f,left,"(148, 362)",453,1,506.926176808899,-80.74792013254259,1509.97,168,4,1,1.0,61.280548000131034,-83.73196312719291
20,20,20,20,20,1,21,4,0.03796693202694428,0.15125535823637476,759.6558481322719,894.721149532274,1.37,816.7639279359657,798.988507426286,-17.775420509679748,left,SHINEd_BasketballHoop.jpg,incongruent,m,465.763004,j,j,right,"(148, 362)",129,1,484.015557512322,-103.658539429119,1026.25,30,4,1,1.0,102.74053747446872,-106.4459851271929
21,21,21,21,21,1,22,6,0.052728387492335986,0.2053954629061925,715.9307173513182,859.328292395052,1.01,793.1543443695548,735.4316150906392,-57.72272927891561,right,SHINEd_durian.jpg,incongruent,n,510.06130199999996,f,f,left,"(862, 362)",374,1,528.117258215746,-59.5568387256954,1935.46,78,2,0,0.0,39.18364513882193,-62.14768712719291
22,22,22,22,22,1,23,5,0.046382189239332086,0.17439703153988867,738.5844155844156,941.567258938338,1.26,780.5382664831343,836.9126645277616,56.37439804462747,right,SHINEd_Ball_Bowling.jpg,congruent,m,593.155982,f,j,right,"(862, 362)",134,0,611.01534091917,23.3412439777282,1767.08,125,3,0,0.0,140.6646945759444,20.946992872807073
23,23,23,23,23,1,24,4,0.03448275862068965,0.18582375478927204,814.845466155811,952.972850260589,1.26,778.0563324214064,853.526513286651,75.47018086524463,right,SHINEd_Lips_Real.jpg,incongruent,n,589.953125,f,f,left,"(862, 362)",390,1,607.615886622593,19.9417896811519,1096.55,83,4,1,1.0,157.27854333483378,17.744135872807078
24,24,24,24,24,1,25,4,0.05755850727387729,0.1827956989247312,737.6603415559773,838.3334369351089,1.12,828.087187099314,784.1002153478032,-43.98697175151062,left,SHINEd_Broccoli.jpg,congruent,n,563.144331,f,f,left,"(148, 362)",253,1,580.610495326017,-7.06360161542453,1337.39,94,3,1,1.0,87.85224539598595,-9.064658127192958
25,25,25,25,25,1,26,4,0.04530950861518826,0.1525207402680281,753.4964901084876,873.594382485089,1.04,821.3307911418584,779.9760616894326,-41.35472945242577,right,SHINEd_scallion.jpg,incongruent,n,519.7795219999998,f,f,left,"(862, 362)",314,1,537.049089029441,-50.6250079120008,1126.38,242,2,1,,83.7280917376154,-52.42946712719311
26,26,26,26,26,1,27,7,0.0,0.16814159292035402,744.6548672566373,852.239921214991,0.89,787.3313025099484,700.3649781690011,-86.96632434094727,left,SHINEd_Fish_Rockbass.jpg,congruent,n,493.19724699999995,f,f,left,"(148, 362)",341,1,510.270216732864,-77.4038802085772,1213.92,391,3,1,1.0,4.117008217183867,-79.01174212719293
27,27,27,27,27,1,28,4,0.012634238787113077,0.14655716993051168,788.0878079595705,936.6118902795461,1.33,767.4278273180089,850.0177836210976,82.58995630308868,left,SHINEd_Elephant.jpg,congruent,n,650.936675,f,f,left,"(148, 362)",349,1,667.813047436288,80.13895049484641,1429.42,131,4,1,1.0,153.76981366928032,78.72768587280711
28,28,28,28,28,1,29,5,0.06127450980392156,0.1721813725490196,732.655024509804,801.626748680367,0.5,778.5636666301822,733.6554968417067,-44.90816978847556,right,SHINEd_rabbitt.jpg,incongruent,n,405.167202,f,f,left,"(862, 362)",350,1,421.846977139711,-165.82711980173,2452.93,349,2,0,0.0,37.40752688988948,-167.04178712719298
29,29,29,29,29,1,30,5,0.04205318491032777,0.16883116883116886,773.0667903525048,914.271195995575,1.07,799.8690799248143,852.5930934930142,52.724013568199894,right,SHINEd_Scooter.jpg,congruent,m,472.944867,j,j,right,"(862, 362)",174,1,489.428044843135,-98.24605209830641,1792.43,411,2,1,,156.3451235411969,-99.26412212719292
30,30,30,30,30,1,31,4,0.058750773036487326,0.17192331478045764,758.2529375386517,825.680775567969,0.83,798.1997861760341,769.7515898463338,-28.448196329700288,left,SHINEd_BicycleChain.jpg,incongruent,m,492.399752,j,j,right,"(148, 362)",17,1,508.686332546559,-78.9877643948827,2057.48,248,3,1,1.0,73.50361989451653,-79.80923712719293
31,31,31,31,31,1,32,4,0.0,0.08591282375236893,801.3158559696777,881.7010185109268,1.04,818.6094421991305,823.0723468989785,4.462904699847968,left,SHINEd_MusicSheet.jpg,incongruent,m,528.637289,j,j,right,"(148, 362)",13,1,544.727272249982,-42.9468246914591,980.6,304,4,1,1.0,126.82437694716124,-43.571700127192905
32,32,32,32,32,1,33,5,0.06637168141592921,0.16308470290771174,737.0638432364096,859.775411972854,0.93,799.8792513745717,739.6079924160829,-60.27125895848883,left,SHINEd_pumpkinseeds-.jpg,congruent,n,653.233031,j,f,left,"(148, 362)",237,0,669.126416953406,81.4523200119645,1624.66,450,2,1,,43.360022464265626,81.02404187280706
33,33,33,33,33,1,34,3,0.0,0.03790271636133923,758.396083385976,855.561086447528,0.99,797.6403184683968,791.4653749079519,-6.1749435604449445,left,SHINEd_Cannon.jpg,incongruent,m,545.746316,j,j,right,"(148, 362)",61,1,561.44310465683,-26.2309922846118,2095.62,22,2,0,0.0,95.21740495613459,-26.462673127192947
34,34,34,34,34,1,35,4,0.0461441213653603,0.13780025284450062,783.0967130214917,918.600352079867,1.07,773.7750710735512,790.2995892614701,16.524518187918943,left,SHINEd_donkey.jpg,congruent,n,639.9904650000002,f,f,left,"(148, 362)",409,1,655.490656360253,67.81655941881179,987.74,426,2,0,0.0,94.05161930965288,67.78147587280728
35,35,35,35,35,1,36,6,0.05569306930693069,0.1943069306930693,749.2438118811881,894.0986043129152,0.81,800.3629887338617,781.7825147144953,-18.580474019366306,left,SHINEd_FileDivider.jpg,incongruent,m,706.088069,j,j,right,"(148, 362)",69,1,721.391663063677,133.71756612223498,1685.93,316,2,1,,85.53454476267801,133.8790798728071
36,36,36,36,36,1,37,6,0.0,0.0970625798212005,798.8192848020433,908.5516857766941,1.09,822.0567989097821,834.6176605303987,12.560861620616606,left,SHINEd_rhino horn.jpg,congruent,n,768.1059799999997,f,f,left,"(148, 362)",249,1,783.2129767671007,195.538879825659,3943.78,36,2,1,,138.3696905785814,195.8969908728068
37,37,37,37,37,1,38,3,0.04888613861386139,0.1280940594059406,761.7147277227722,833.710507842862,1.2,808.883002510984,780.7487509764395,-28.13425153454455,left,SHINEd_Magnifying_Glass.jpg,incongruent,m,683.172512,j,j,right,"(148, 362)",105,1,698.082911470524,110.408814529083,1271.44,285,4,1,1.0,84.50078102462227,110.96352287280706
38,38,38,38,38,1,39,4,0.03535353535353535,0.12436868686868685,770.2758838383838,879.6739878777071,0.85,803.4768961843669,776.991650784643,-26.48524539972391,left,SHINEd_Lilypad.jpg,congruent,n,568.451407,j,f,left,"(148, 362)",413,0,583.165209173948,-4.50888776749366,1751.67,246,2,1,,80.7436808328257,-3.757582127192904
39,39,39,39,39,1,40,4,0.0,0.07425742574257425,781.9108910891089,911.63292668018,1.26,804.4625166694397,830.7211589489798,26.258642279540137,right,SHINEd_Bowl_Fruits.jpg,incongruent,n,740.0275839999997,f,f,left,"(862, 362)",434,1,754.544788877372,166.87069193593,1723.76,399,3,1,1.0,134.47318899716254,167.81859487280678
40,40,40,40,40,1,41,5,0.0475,0.196875,790.851875,891.926985318761,1.08,798.8013306026056,846.5003649369124,47.69903433430682,right,SHINEd_Heater_Outdoor.jpg,congruent,m,616.1879299999998,j,j,right,"(862, 362)",170,1,630.508537580795,42.8344406393536,1591.4,402,1,0,0.0,150.2523949850952,43.9789408728069
41,41,41,41,41,1,42,6,0.0,0.1422387136672851,845.8218923933209,964.376375902688,0.77,814.6761700232378,745.3389005950577,-69.33726942818011,right,SHINEd_treestump.jpg,incongruent,n,531.636805,f,f,left,"(862, 362)",414,1,545.760815284219,-41.9132816572228,1071.69,207,3,1,1.0,49.090930643240426,-40.57218412719293
42,42,42,42,42,1,43,4,0.04020421186981493,0.16400765794511807,767.6439055520102,892.956153320953,1.04,841.2475998377244,826.7647008903764,-14.482898947347962,left,SHINEd_Collards.jpg,congruent,n,521.961477,f,f,left,"(148, 362)",445,1,535.888889987642,-51.7852069537992,1227.91,65,3,1,1.0,130.51673093855914,-50.24751212719298
43,43,43,43,43,1,44,3,0.06005056890012642,0.15360303413400758,748.286346396966,854.073374452947,1.39,824.8719586004851,798.9971245666541,-25.87483403383101,right,SHINEd_honeydew.jpg,incongruent,n,478.76905700000003,f,f,left,"(862, 362)",330,1,492.499872691066,-95.1742242503755,3161.72,123,2,0,0.0,102.74915461483678,-93.43993212719296
44,44,44,44,44,1,45,5,0.11040204211869817,0.2935545628589662,709.9138481174217,791.8379487179491,0.5,807.1876320940488,755.7086426960875,-51.47898939796129,left,SHINEd_Ruler_Wooden.jpg,incongruent,m,500.54573200000004,j,j,right,"(148, 362)",73,1,514.0799503944901,-73.5941465469519,1550.13,164,2,0,0.0,59.460672744270255,-71.66325712719294
45,45,45,45,45,1,46,4,0.04864181933038535,0.15034744156664562,780.2135186355023,956.585505039184,1.26,788.7490308426462,890.9638269559872,102.21479611334101,right,SHINEd_RollerBlade.jpg,congruent,m,729.827932,j,j,right,"(862, 362)",178,1,743.1655530979131,155.491456156472,979.92,415,3,1,1.0,194.71585700416995,157.6189428728071
46,46,46,46,46,1,47,4,0.06317119393556538,0.14655716993051168,818.4750473783954,914.8159896423241,0.95,811.6302824208102,870.8257791517848,59.195496730974575,right,SHINEd_hyena.jpg,incongruent,n,564.89523,f,f,left,"(862, 362)",422,1,578.036253801337,-9.63784314010467,2063.39,454,2,0,0.0,174.57780919996753,-7.313759127192952
47,47,47,47,47,1,48,3,0.04864181933038535,0.11813013265950728,833.7814276689827,943.894291921345,1.04,866.6232163745829,866.031389648619,-0.5918267259638696,right,SHINEd_avocado.jpg,incongruent,n,563.641569,f,f,left,"(862, 362)",394,1,576.58599550476,-11.088101436681,3167.06,294,2,1,,169.78341969680173,-8.567420127192918
48,48,48,48,48,1,49,4,0.03767560664112389,0.17624521072796934,828.6257982120053,904.849050854703,1.13,881.4838627754132,796.8111747074527,-84.67268806796052,right,SHINEd_Kite_Rainbow.jpg,congruent,m,561.122703,j,j,right,"(862, 362)",78,1,573.8705322081839,-13.803564733257401,1156.05,52,4,1,1.0,100.56320475563541,-11.086286127192919
49,49,49,49,49,1,50,5,0.05934343434343434,0.1994949494949495,735.3996212121212,954.5935153939861,1.34,872.109166380648,816.5128845870296,-55.59628179361846,left,SHINEd_Escalator.jpg,incongruent,m,813.419052,f,j,right,"(148, 362)",177,0,825.970283911608,238.29618697016602,1237.39,303,2,0,0.0,120.26491463521236,241.21006287280704
50,50,50,50,50,1,51,7,0.06002475247524752,0.2233910891089109,727.253094059406,847.654225518736,1.11,823.770939058241,761.9637996391043,-61.80713941913666,left,SHINEd_dinosaur fossil.jpg,congruent,n,697.342902,f,f,left,"(148, 362)",377,1,709.697536615031,122.02343967358999,935.71,406,3,1,1.0,65.71582968728707,125.13391287280706
51,51,51,51,51,1,52,6,0.04467134652201659,0.1837906828334397,774.3631142310147,920.3833586934752,1.28,783.0159839488189,856.9368129377198,73.92082898890091,right,SHINEd_Cheesegrater_Handheld.jpg,congruent,m,557.230308,j,j,right,"(862, 362)",162,1,569.388345318455,-18.2857516229865,1774.92,197,3,0,0.0,160.6888429859025,-14.978681127192885
52,52,52,52,52,1,53,3,0.04005006257822278,0.12202753441802253,832.8247809762203,968.052215726975,0.99,803.6645384482208,844.8352316026281,41.17069315440745,right,SHINEd_Nuts_Pecan.jpg,incongruent,n,618.818493,f,f,left,"(862, 362)",246,1,630.779933021879,43.1058360804371,2552.01,296,3,0,0.0,148.58726165081092,46.609503872807075
53,53,53,53,53,1,54,5,0.06125,0.21,768.910625,907.983160868161,0.99,855.7905394633854,759.331285168475,-96.45925429491035,right,SHINEd_Briefcase_Leather.jpg,congruent,m,525.494241,j,j,right,"(862, 362)",210,1,537.2590837253019,-50.4150132161393,5460.45,300,3,1,1.0,63.08331521665775,-46.71474812719293
54,54,54,54,54,1,55,5,0.04934415990006246,0.1830106183635228,732.4909431605247,875.777992618807,1.29,841.4226259281236,785.4712277384613,-55.95139818966232,left,SHINEd_RecordPlayer.jpg,incongruent,m,675.160665,j,j,right,"(148, 362)",149,1,686.728910428726,99.0548134872844,1982.24,422,2,1,,89.22325778664404,102.95167587280709
55,55,55,55,55,1,56,5,0.045625,0.163125,717.53375,864.827137666599,1.22,799.7818313453885,754.3408645038533,-45.440966841535214,right,SHINEd_Radish.jpg,incongruent,n,782.3320190000003,f,f,left,"(862, 362)",242,1,793.703667132149,206.029570190708,4981.08,367,2,0,0.0,58.092894552036,210.1230298728074
56,56,56,56,56,1,57,4,0.03916614024005054,0.1528742893240682,698.0296904611497,866.128411384425,1.25,773.3314181972487,786.5620069640178,13.230588766769188,left,SHINEd_Paw.jpg,congruent,n,828.022741,f,f,left,"(148, 362)",301,1,839.197791835573,251.523694894132,1055.7,113,3,1,1.0,90.31403701220052,255.81375187280707
57,57,57,57,57,1,58,4,0.06375,0.14125,741.310625,855.9418561210001,1.13,745.4905298485547,764.2617735623886,18.771243713833886,left,SHINEd_Colander.jpg,incongruent,m,520.155962,j,j,right,"(148, 362)",41,1,531.134415538997,-56.539681402444714,991.23,4,3,1,1.0,68.01380361057136,-52.05302712719288
58,58,58,58,58,1,59,5,0.04888613861386139,0.14356435643564355,720.7685643564357,871.5699254345178,1.34,769.1242406295786,811.3135405319583,42.18929990237973,left,SHINEd_worm.jpg,congruent,n,570.932721,j,f,left,"(148, 362)",389,0,581.7145772424201,-5.95951969902107,1605.25,238,3,1,1.0,115.06557058014108,-1.2762681271929068
59,59,59,59,59,1,60,5,0.046875,0.17375,788.274375,937.938787999871,1.29,782.1685128293224,848.7140847020572,66.54557187273485,right,SHINEd_Lynx.jpg,incongruent,n,599.3741309999998,f,f,left,"(862, 362)",438,1,609.959389945844,22.2852930044026,4520.7,119,2,0,0.0,152.46611475023997,27.16514187280689
60,60,60,60,60,1,61,3,0.062380649267982174,0.1648631444939529,715.1826861871417,801.3680595819452,1.85,813.6394572794493,750.100608669218,-63.5388486102313,left,SHINEd_ShoppingCart.jpg,incongruent,m,573.017662,j,j,right,"(148, 362)",109,1,583.4063236492681,-4.26777329217385,1244.31,139,3,1,1.0,53.852638717400744,0.8086728728070511
61,61,61,61,61,1,62,4,0.05504019789734076,0.1694495980210266,764.9121830550401,897.635718909831,1.09,811.6138555605772,846.8477337222612,35.23387816168407,right,SHINEd_Mirror_Makeup.jpg,congruent,m,584.428289,j,j,right,"(862, 362)",122,1,594.6203533526909,6.94625641124975,997.99,245,2,0,0.0,150.5997637704439,12.219299872807028
62,62,62,62,62,1,63,3,0.0,0.0764371446620341,791.2615287428932,891.833279850967,1.31,792.4274058773246,794.010532100167,1.5831262228423384,left,SHINEd_Gum_Pack.jpg,incongruent,m,603.77528,f,j,right,"(148, 362)",77,0,613.770747056115,26.0966501146734,1860.41,191,4,1,1.0,97.76256214834973,31.56629087280703
63,63,63,63,63,1,64,5,0.04469987228607918,0.17943805874840354,760.7509578544061,917.608041336178,1.37,807.8305689826002,818.0827960334758,10.252227050875604,right,SHINEd_Lipstick.jpg,congruent,m,867.216776,j,j,right,"(862, 362)",198,1,877.015645759539,289.341548818097,774.58,221,3,0,0.0,121.83482608165855,295.00778687280706
64,64,64,64,64,1,65,4,0.04677623261694058,0.12579013906447534,730.1529709228822,825.170975977796,0.97,796.7918393331134,731.7540477292372,-65.03779160387626,right,SHINEd_fox.jpg,incongruent,n,567.292912,f,f,left,"(862, 362)",334,1,576.895184462962,-10.778912478479302,1176.99,379,3,1,1.0,35.50607777741993,-4.916077127192921
65,65,65,65,65,1,66,5,0.09956709956709957,0.2442795299938157,757.7600494743351,970.23413030554,1.32,788.5307446454381,852.5505472771242,64.01980263168615,right,SHINEd_Slippers.jpg,congruent,m,665.787104,j,j,right,"(862, 362)",154,1,675.192779166386,87.5186822249443,1149.94,224,3,1,1.0,156.30257732530697,93.57811487280708
66,66,66,66,66,1,67,6,0.05372945638432365,0.24462705436156765,711.2452591656131,911.8676306127521,1.31,807.4305216696242,790.2659121481054,-17.164609521518855,left,SHINEd_fountain.jpg,incongruent,m,695.82925,j,j,right,"(148, 362)",169,1,705.038327869809,117.364230928368,2014.45,281,2,0,0.0,94.01794219628813,123.62026087280708
67,67,67,67,67,1,68,5,0.0351213282247765,0.17113665389527458,784.3805874840358,906.453338495042,1.25,809.8737340760324,827.7626636307679,17.888929554735448,right,SHINEd_lotusroot.jpg,incongruent,n,700.1618139999997,f,f,left,"(862, 362)",298,1,709.174294573233,121.50019763179199,2057.98,81,2,1,,131.5146936789506,127.9528248728068
68,68,68,68,68,1,69,6,0.06885660138976626,0.2413139608338597,719.1231838281743,898.720587258689,0.9,791.0185147307558,724.8339683967274,-66.18454633402837,right,SHINEd_Jacket_Suit.jpg,congruent,m,514.3259360000002,j,j,right,"(862, 362)",2,1,523.141819276657,-64.5322776647848,4528.33,233,2,1,,28.58599844491016,-57.883053127192746
69,69,69,69,69,1,70,4,0.07458912768647281,0.20606826801517067,720.2427307206067,845.7732298801967,1.5,806.458592256159,785.4405563023804,-21.01803595377862,left,SHINEd_Desk_School.jpg,incongruent,m,566.228164,j,j,right,"(148, 362)",201,1,574.84744998008,-12.826646961361199,1048.13,330,3,0,0.0,89.19258635056316,-5.9808251271929285
70,70,70,70,70,1,71,5,0.05126582278481013,0.18987341772151886,705.2088607594935,803.3050825491008,1.05,779.8778875733293,699.8806474089051,-79.99724016442417,right,SHINEd_Hourglass.jpg,congruent,m,531.741443,j,j,right,"(862, 362)",110,1,540.164131683504,-47.509965257937495,1662.6,301,2,0,0.0,3.6326774570878797,-40.467546127192925
71,71,71,71,71,1,72,4,0.06127605811749842,0.16740366392924827,639.0915982312066,779.8943865733362,1.84,764.7878522840183,720.7704323992627,-44.01741988475555,left,SHINEd_Gametable_AirHockey.jpg,incongruent,m,825.2200780000003,j,j,right,"(148, 362)",85,1,833.446169386928,245.772072445486,15892.77,377,2,0,0.0,24.522462447445488,253.0110888728074
72,72,72,72,72,1,73,6,0.0,0.12831858407079647,772.2547408343869,866.536233119997,1.3,711.7541214750029,799.9688079887562,88.21468651375334,right,SHINEd_Box_Notepaper.jpg,congruent,m,549.598937,j,j,right,"(862, 362)",70,1,557.628431090351,-30.045665851090302,1083.88,210,3,0,0.0,103.72083803693896,-22.610052127192944
73,73,73,73,73,1,74,4,0.03527227722772277,0.13242574257425746,769.25,886.8099478164861,0.95,735.4243563880988,817.6051234307988,82.18076704269994,right,SHINEd_Goat.jpg,incongruent,n,496.633693,f,f,left,"(862, 362)",322,1,504.46658979377503,-83.2075071476667,3999.55,433,2,1,,121.35715347898157,-75.57529612719294
74,74,74,74,74,1,75,4,0.04127579737335835,0.14446529080675422,724.8974358974359,786.042883356393,1.98,801.5104712821616,755.5325369324112,-45.97793434975039,left,SHINEd_horse.jpg,congruent,n,501.196551,f,f,left,"(148, 362)",269,1,508.832850497198,-78.841246444243,2104.36,110,2,0,0.0,59.28456698059392,-71.01243812719292
75,75,75,75,75,1,76,6,0.0493046776232617,0.1984829329962073,718.9456384323641,805.102781229593,0.52,790.0371382407459,701.5282915224639,-88.50884671828203,left,SHINEd_Corn.jpg,congruent,n,425.266376,f,f,left,"(148, 362)",337,1,432.706078200622,-154.968018740819,1456.51,249,3,1,1.0,5.280321570646607,-146.94261312719294
76,76,76,76,76,1,77,6,0.06377708978328174,0.21176470588235294,666.2229102167182,762.5905332997279,1.09,754.8377824716356,662.6686344599401,-92.16914801169548,right,SHINEd_skeleton-lizard.jpg,incongruent,n,525.47022,f,f,left,"(862, 362)",250,1,532.713324904046,-54.96077203739571,1255.24,185,4,1,1.0,-33.579335491877146,-46.73876912719288
77,77,77,77,77,1,78,5,0.06378986866791744,0.1963727329580988,643.1757348342715,881.712173619613,1.31,735.3031428265343,755.0017470079898,19.69860418145538,left,SHINEd_okapi.jpg,congruent,n,561.987277,f,f,left,"(148, 362)",425,1,569.033784607469,-18.640312333972197,3693.73,151,3,0,0.0,58.75377705617258,-10.221712127192973
78,78,78,78,78,1,79,5,0.053869969040247684,0.19752321981424148,730.6068111455107,915.407085832129,1.16,714.3704512635758,791.1769961762178,76.80654491264205,right,SHINEd_skunk.jpg,incongruent,n,620.886354,f,f,left,"(862, 362)",290,1,627.736264310893,40.0621673694515,1240.09,106,2,0,0.0,94.92902622440056,48.67736487280706
79,79,79,79,79,1,80,4,0.061881188118811874,0.1676980198019802,733.177599009901,870.062963821913,1.04,745.5687589733568,851.7174789499968,106.14871997664,right,SHINEd_Bugle.jpg,congruent,m,520.500766,j,j,right,"(862, 362)",14,1,527.1540790143171,-60.520017927124904,1096.64,11,3,1,1.0,155.46950899817958,-51.70822312719292
80,80,80,80,80,1,81,4,0.04166666666666666,0.15441176470588236,849.9662990196077,958.532306414245,1.2,797.667541752031,885.1595188119808,87.49197705994982,right,SHINEd_antlers.jpg,incongruent,n,674.90085,f,f,left,"(862, 362)",418,1,681.35756571774,93.6834687762988,892.89,208,4,1,1.0,188.91154886016358,102.69186087280708
81,81,81,81,81,1,82,6,0.06128830519074421,0.21638524077548468,790.3233270794246,947.692469944561,1.01,858.1443636259454,747.2311920063637,-110.9131716195817,right,SHINEd_couch.jpg,congruent,m,,miss,j,right,"(862, 362)",202,0,,,1068.79,428,2,0,0.0,50.98322205454645,
82,82,82,82,82,1,83,3,0.05056890012642225,0.14412136536030346,737.2756005056889,860.533354971297,1.0,868.794237567698,819.1162592818414,-49.677978285856625,left,SHINEd_Gloves_WhiteKnit.jpg,incongruent,m,596.512134,f,j,right,"(148, 362)",197,0,602.575655124587,14.901558183146,5676.37,409,3,1,1.0,122.86828933002414,24.30314487280702
83,83,83,83,83,1,84,8,0.0493046776232617,0.24968394437420985,719.9563843236409,856.2148860685651,0.96,810.635138540027,729.6521956750114,-80.98294286501562,left,SHINEd_Bird_Parrot.jpg,congruent,n,498.22819599999997,f,f,left,"(148, 362)",233,1,504.0951198280111,-83.5789771134303,2242.79,325,3,0,0.0,33.404225723194145,-73.98079312719291
84,84,84,84,84,1,85,4,0.06316447779862414,0.21513445903689807,744.9599749843652,954.638496586033,1.11,778.0051824378166,768.3491256573544,-9.656056780462222,left,SHINEd_Pants_Firefighter.jpg,incongruent,m,622.041948,f,j,right,"(148, 362)",1,0,627.712274531435,40.038177589993296,1222.73,200,3,1,1.0,72.10115570553718,49.83295887280713
85,85,85,85,85,1,86,4,0.0,0.1333754740834387,772.173198482933,879.3980659094542,1.32,777.7471827954982,811.2772093737294,33.53002657823117,left,SHINEd_koala.jpg,congruent,n,489.465217,f,f,left,"(148, 362)",365,1,494.938946234858,-92.7351507065831,2115.73,100,2,1,,115.02923942191215,-82.74377212719294
86,86,86,86,86,1,87,5,0.03377110694183865,0.2145090681676048,751.1563477173233,836.620809720847,1.12,794.9384915901053,766.9930075526546,-27.94548403745069,right,SHINEd_PictureFrame.jpg,congruent,m,702.8725360000003,f,j,right,"(862, 362)",222,0,708.149667938282,120.47557099684099,2980.2,376,1,1,,70.74503760083735,130.66354687280742
87,87,87,87,87,1,88,4,0.049936788874841966,0.14917825537294566,758.7496839443743,871.338965412603,1.31,785.4892628752519,807.1357145456677,21.646451670415782,right,SHINEd_Nuts_Walnut.jpg,incongruent,n,531.219159,f,f,left,"(862, 362)",446,1,536.299693641706,-51.374403299735796,3081.66,132,4,1,1.0,110.88774459385048,-40.98983012719293
88,88,88,88,88,1,89,5,0.04867256637168142,0.18394437420986093,709.4102402022756,790.710106671992,1.5,793.8281938922584,750.888813507273,-42.93938038498538,left,SHINEd_Cloud.jpg,congruent,n,608.0334650000002,j,f,left,"(148, 362)",385,0,612.9174023451291,25.24330540368781,830.56,16,4,1,1.0,54.640843555455724,35.824475872807284
89,89,89,89,89,1,90,5,0.0,0.14096080910240202,669.3160556257901,819.718360539566,0.89,780.2089246982943,603.3876625978243,-176.82126210047005,left,SHINEd_DoorKnob.jpg,incongruent,m,572.381745,j,j,right,"(148, 362)",53,1,577.069085048553,-10.6050118928885,2822.37,356,3,1,1.0,-92.860307353993,0.1727558728071017
90,90,90,90,90,1,91,6,0.04548325963360708,0.24826279216677194,676.2090966519268,780.7395359263188,1.11,700.6594936406458,695.0987262016322,-5.5607674390136035,right,SHINEd_ladybug.jpg,incongruent,n,698.927021,f,f,left,"(862, 362)",238,1,703.417763751977,115.74366681053499,1111.35,398,3,1,1.0,-1.1492437501850643,126.71803187280705
91,91,91,91,91,1,92,6,0.0493046776232617,0.22060682680151708,717.8236409608091,871.590000949592,0.95,687.6969380570889,729.7293031903325,42.032365133243616,right,SHINEd_Boardgame_Chess.jpg,congruent,m,789.8294139999997,f,j,right,"(862, 362)",86,0,794.1235594553999,206.44946251395905,1094.41,189,4,1,1.0,33.48133323851528,217.6204248728068
92,92,92,92,92,1,93,4,0.058710912571793235,0.1614550095724314,747.5692405871091,878.4241852152901,1.37,743.9097942910154,832.6864613754938,88.77666708447839,right,SHINEd_eucalyptus.jpg,incongruent,n,572.2837509999998,f,f,left,"(862, 362)",282,1,576.381299158824,-11.2927977826176,2608.04,204,2,0,0.0,136.43849142367648,0.07476187280690283
93,93,93,93,93,1,94,5,0.05246523388116309,0.2357774968394437,755.4469026548672,882.215402538204,0.77,783.9157532908803,756.820714157377,-27.09503913350329,right,SHINEd_Helmet_Bicycle.jpg,congruent,m,,miss,j,right,"(862, 362)",18,0,,,887.82,170,4,1,1.0,60.57274420555973,
94,94,94,94,94,1,95,5,0.043777360850531584,0.2032520325203252,730.5528455284552,905.5653501669792,1.98,811.6252166501912,806.4896599050142,-5.135556745177041,left,SHINEd_Makeup_Compact.jpg,incongruent,m,468.361954,j,j,right,"(148, 362)",121,1,472.066307565671,-115.60778937577,1998.07,85,4,1,1.0,110.24168995319692,-103.8470351271929
95,95,95,95,95,1,96,5,0.06700379266750947,0.2073324905183312,784.5158027812895,906.6883950964921,0.5,783.6615685027614,807.1907446194458,23.529176116684432,right,SHINEd_pomegrant.jpg,incongruent,n,513.622023,f,f,left,"(862, 362)",354,1,517.129779269095,-70.54431767234679,1486.03,395,1,1,,110.94277466762856,-58.58696612719291
96,96,96,96,96,1,97,5,0.05198019801980198,0.19183168316831686,698.082301980198,826.58094103771,0.93,809.7784499169476,688.9735286377693,-120.8049212791783,right,SHINEd_Ball_Basketball.jpg,congruent,m,485.51520899999997,j,j,right,"(862, 362)",130,1,488.826367972518,-98.8477289689231,1079.49,362,3,1,1.0,-7.2744413140479764,-86.6937801271929
97,97,97,97,97,1,98,4,0.05056890012642225,0.1333754740834387,772.1245259165613,905.5276814563632,1.08,798.5629665546298,795.2184498911487,-3.3445166634811585,right,SHINEd_mushroom_other.jpg,incongruent,n,546.839548,f,f,left,"(862, 362)",426,1,549.954109675942,-37.719987265499505,1076.56,435,3,1,1.0,98.97047993933144,-25.36944112719289
98,98,98,98,98,1,99,6,0.05378361475922452,0.2145090681676048,696.3020637898686,871.894338382133,0.89,777.2996345051231,665.1976317883863,-112.10200271673679,right,SHINEd_Car_Vintage.jpg,congruent,m,614.6891360000002,j,j,right,"(862, 362)",186,1,617.607100379366,29.933003437924103,1608.01,424,3,1,1.0,-31.050338163430986,42.480146872807275
99,99,99,99,99,1,100,3,0.061314791403286974,0.13653603034134007,720.8678887484198,897.3127758677167,1.0,785.2853844585637,779.0976517295314,-6.187732729032291,right,SHINEd_wheat_stock.jpg,incongruent,n,538.958524,f,f,left,"(862, 362)",358,1,541.679891082789,-45.994205858652286,1410.49,101,3,0,0.0,82.84968177771418,-33.25046512719291
100,100,100,100,100,1,101,4,0.06005056890012642,0.1788874841972187,647.9380530973451,719.82,2.0,758.3739309898073,695.1080935818499,-63.26583740795741,left,SHINEd_DentalFloss.jpg,incongruent,m,655.943863,j,j,right,"(148, 362)",117,1,658.468632786213,70.7945358447713,1853.61,148,4,1,1.0,-1.1398763699673964,83.73487387280704
101,101,101,101,101,1,102,6,0.06257901390644753,0.2256637168141593,650.2743362831857,774.250685197301,1.02,738.0045722114453,667.7875990615073,-70.21697314993797,right,SHINEd_Flashlight.jpg,congruent,m,598.090629,j,j,right,"(862, 362)",98,1,600.418801489637,12.744704548195,4002.72,214,3,0,0.0,-28.460370890309942,25.88163987280711
102,102,102,102,102,1,103,4,0.0625,0.16955445544554454,706.6670792079207,853.8676999581488,0.96,690.1070604234619,709.8811505020677,19.77409007860581,right,SHINEd_spinach.jpg,incongruent,n,552.6609269999999,f,f,left,"(862, 362)",266,1,554.79250219306,-32.8815947483814,2392.27,382,1,1,,13.633180550250472,-19.54806212719302
103,103,103,103,103,1,104,4,0.0,0.15423514538558786,601.4443742098607,770.3067719301781,1.38,734.1316023386051,643.7082833723501,-90.423318966255,left,SHINEd_soil.jpg,congruent,n,885.915525,f,f,left,"(148, 362)",289,1,887.850502896484,300.176405955042,2136.45,241,2,0,0.0,-52.539686579467116,313.70653587280714
104,104,104,104,104,1,105,5,0.061314791403286974,0.20417193426042984,558.1946902654869,695.509244346668,2.0,686.552323567185,623.5183290839241,-63.033994483260926,left,SHINEd_Snail.jpg,congruent,n,715.131424,f,f,left,"(148, 362)",241,1,716.8698045999071,129.195707658466,1039.13,192,4,1,1.0,-72.7296408678932,142.92243487280712
105,105,105,105,105,1,106,8,0.06501547987616099,0.2297213622291021,574.9417956656348,691.36855029585,0.66,594.0369911598445,598.9013339235513,4.864342763706759,right,SHINEd_Feet.jpg,incongruent,n,661.157214,f,f,left,"(862, 362)",310,1,662.698997303331,75.0249003618895,1199.24,37,4,1,1.0,-97.34663602826595,88.94822487280703
106,106,106,106,106,1,107,3,0.06960408684546615,0.2215836526181353,515.5549169859514,713.6496536843903,1.78,614.5657594929136,604.9806280958583,-9.585131397055306,left,SHINEd_Branch.jpg,congruent,n,596.1047530000002,f,f,left,"(148, 362)",333,1,597.449939006755,9.77584206531309,4516.83,345,2,0,0.0,-91.26734185595899,23.895763872807265
107,107,107,107,107,1,108,4,0.0,0.06700379266750947,737.1972187104933,826.0692507865691,1.36,599.9200256495449,755.0259792912321,155.10595364168728,right,SHINEd_red_Cabbage.jpg,incongruent,n,632.462513,f,f,left,"(862, 362)",230,1,633.611101710178,45.93700476873671,3047.7,449,2,1,,58.77800933941489,60.25352387280702
108,108,108,108,108,1,109,5,0.06380290587492103,0.1920404295641188,636.2192040429562,738.1628046276579,0.76,654.7821620458433,614.6198719391426,-40.16229010670065,right,SHINEd_Bathtub.jpg,congruent,m,612.464484,j,j,right,"(862, 362)",58,1,613.416475413602,25.742378472160397,2240.33,116,2,0,0.0,-81.62809801267463,40.25549487280705
109,109,109,109,109,1,110,4,0.06257901390644753,0.1611883691529709,669.8097345132742,890.087621461788,1.49,713.1839364936783,810.938250871125,97.75431437744669,right,SHINEd_Dog_Bulldog.jpg,incongruent,n,481.72077800000005,f,f,left,"(862, 362)",326,1,482.476172117025,-105.197924824416,1433.38,40,3,1,1.0,114.69028091930772,-90.48821112719288
110,110,110,110,110,1,111,5,0.05625790139064475,0.15739570164348926,756.7515802781288,867.10933519285,0.96,707.5902398896968,783.0016265632936,75.41138667359691,right,SHINEd_Bucket_Rusty.jpg,congruent,m,655.894633,j,j,right,"(862, 362)",34,1,656.453429820449,68.7793328790077,1396.45,404,3,1,1.0,86.75365661147634,83.68564387280708
111,111,111,111,111,1,112,3,0.043615676359039186,0.12262958280657395,729.3546144121367,822.840832815186,0.94,781.6423034872058,687.3276253379097,-94.31467814929636,right,SHINEd_Currants.jpg,incongruent,n,635.300159,f,f,left,"(862, 362)",254,1,635.662358523873,47.9882615824313,4389.85,147,1,0,0.0,-8.92034461390756,63.09116987280709
112,112,112,112,112,1,113,7,0.07301980198019803,0.26423267326732675,465.5482673267327,572.7820882608339,1.31,778.714677880042,479.12267059843765,-299.59200728160437,left,SHINEd_Leek.jpg,congruent,n,574.49106,f,f,left,"(148, 362)",357,1,574.656662227296,-13.0174347141451,1311.44,137,3,1,1.0,-217.1252993533796,2.282070872807026
113,113,113,113,113,1,114,8,0.08091024020227561,0.28255372945638435,448.6984829329962,656.970704030854,1.11,617.6694965600836,536.5272095719918,-81.14228698809188,left,SHINEd_mosquito.jpg,congruent,n,661.029304,f,f,left,"(148, 362)",393,1,660.99830893072,73.3242119892786,993.27,58,4,1,1.0,-159.7207603798255,88.8203148728071
114,114,114,114,114,1,115,4,0.051361386138613865,0.2233910891089109,540.6912128712871,829.091902897397,1.87,486.7795999334565,636.4598228012802,149.68022286782386,left,SHINEd_Bowl_Wooden.jpg,incongruent,m,591.838966,j,j,right,"(148, 362)",141,1,591.611373634144,3.9372766927021896,1368.32,194,2,0,0.0,-59.78814715053704,19.629976872807106
115,115,115,115,115,1,116,4,0.05056890012642225,0.19216182048040456,676.1365360303413,802.6416359916251,1.59,550.6313930128504,736.1089383690883,185.4775453562379,right,SHINEd_Beater_Electric.jpg,congruent,m,604.705178,f,j,right,"(862, 362)",42,0,604.280988337567,16.6068913961258,11705.83,187,2,0,0.0,39.86096841727101,32.496188872807124
116,116,116,116,116,1,117,4,0.06501547987616099,0.20990712074303405,606.8798761609908,676.228449333625,1.07,671.8011641941638,634.8367707529712,-36.96439344119256,left,SHINEd_Jetski.jpg,incongruent,m,719.541702,f,j,right,"(148, 362)",181,0,718.9209150409911,131.24681809954902,1719.25,127,3,1,1.0,-61.411199198846035,147.33271287280706
117,117,117,117,117,1,118,4,0.1082920792079208,0.21349009900990096,558.0730198019802,719.762140601273,1.81,688.9822404950925,636.0455687164738,-52.93667177861869,left,SHINEd_dragonfruit.jpg,congruent,n,707.191151,f,f,left,"(148, 362)",437,1,706.373766744415,118.699669802973,2020.58,456,3,1,1.0,-60.20240123534346,134.9821618728071
118,118,118,118,118,1,119,3,0.0,0.06257901390644753,697.0695322376738,771.420014794897,1.09,621.635297245781,718.8638470855502,97.22854983976923,right,SHINEd_Cat.jpg,incongruent,n,696.6956690000003,f,f,left,"(862, 362)",362,1,695.6816874478377,108.007590506397,2095.06,420,2,0,0.0,22.615877133732962,124.48667987280734
119,119,119,119,119,1,120,5,0.027534418022528158,0.18085106382978725,685.9036295369211,836.365846830879,0.99,661.829685575667,652.1805062753434,-9.649179300323569,right,SHINEd_Fryingpan.jpg,congruent,m,516.251049,j,j,right,"(862, 362)",158,1,515.040470151262,-72.6336267901797,2047.21,256,3,0,0.0,-44.06746367647386,-55.95794012719296
120,120,120,120,120,1,121,4,0.05015479876160992,0.14674922600619195,692.7467492260063,828.8695261222321,1.11,713.9546322432602,709.9983640370659,-3.9562682061942946,right,SHINEd_Gecko.jpg,incongruent,n,488.79751,f,f,left,"(862, 362)",370,1,487.3903338546849,-100.283763086756,1141.99,338,4,1,1.0,13.750394085248672,-83.41147912719293
121,121,121,121,121,1,122,6,0.19752321981424148,0.5405572755417957,459.0631578947368,761.735591522177,1.74,731.4293298145423,670.1692004969852,-61.26012931755702,left,SHINEd_red_panda.jpg,congruent,n,579.243564,f,f,left,"(148, 362)",273,1,577.639790558109,-10.0343063833324,2070.11,393,1,1,,-26.07876945483201,7.03457487280707
122,122,122,122,122,1,123,6,0.0718266253869969,0.2606811145510836,578.5653250773994,728.7292944216949,0.9,677.168090639828,602.5628065540617,-74.60528408576636,left,SHINEd_Cabinet_Display.jpg,incongruent,m,519.255412,j,j,right,"(148, 362)",205,1,517.455041261533,-70.2190556799088,2182.46,32,2,1,,-93.68516339775556,-52.953577127192936
123,123,123,123,123,1,124,8,0.0,0.20227560050568905,559.6359039190896,708.220462663445,0.61,609.471178890093,464.9151663752796,-144.5560125148134,left,SHINEd_Drum_Bongos.jpg,incongruent,m,643.409771,j,j,right,"(148, 362)",9,1,641.412802964956,53.738706023514794,1327.13,150,1,0,0.0,-231.33280357653763,71.20078187280707
124,124,124,124,124,1,125,5,0.054409005628517824,0.2607879924953096,477.4402751719825,745.510851339462,1.89,581.7279639604151,578.9070279424333,-2.820936017981808,left,SHINEd_goldenberry.jpg,congruent,n,567.356304,f,f,left,"(148, 362)",397,1,565.16273866838,-22.5113582730615,4859.41,283,1,1,,-117.34094200938398,-4.852685127192898
125,125,125,125,125,1,126,7,0.05569306930693069,0.2147277227722772,582.9659653465346,727.4242661553868,0.5,529.7481823380255,549.9306835680368,20.182501230011326,right,SHINEd_Tomato.jpg,incongruent,n,524.208969,f,f,left,"(862, 362)",450,1,521.8188063718039,-65.8552905696379,1064.99,84,4,1,1.0,-146.31728638378047,-48.0000201271929
126,126,126,126,126,1,127,5,0.0,0.11946902654867254,534.6978508217446,630.598191377248,0.92,570.4316384824265,528.7574798315824,-41.6741586508441,left,SHINEd_Dog_ChowChow.jpg,congruent,n,472.382234,f,f,left,"(148, 362)",369,1,469.795474075227,-117.878622866214,1724.38,278,2,1,,-167.49049012023488,-99.82675512719294
127,127,127,127,127,1,128,8,0.08854489164086687,0.5126934984520124,462.671826625387,700.598512287935,1.39,577.6413516004409,606.2173430458972,28.57599144545634,left,SHINEd_Pacifier.jpg,incongruent,m,483.73445499999997,f,j,right,"(148, 362)",81,0,480.951097778651,-106.722999162791,3639.29,153,3,0,0.0,-90.03062690592003,-88.4745341271929
128,128,128,128,128,1,129,5,0.04950495049504952,0.16584158415841585,554.1058168316831,619.176014727762,1.38,539.059649333963,536.7917834386499,-2.267865895313093,right,SHINEd_Slide.jpg,congruent,m,671.261896,f,j,right,"(862, 362)",82,0,668.281941482074,80.607844540633,1624.11,24,2,1,,-159.45618651316738,99.05290687280706
129,129,129,129,129,1,130,5,0.062978222483814,0.4155385520894644,481.9034726309594,630.574616551885,1.34,572.8090228649577,583.3963929668192,10.587370101861554,left,SHINEd_Knife_Camping.jpg,incongruent,m,,miss,j,right,"(148, 362)",37,0,,,902.67,289,2,0,0.0,-112.85157698499802,
130,130,130,130,130,1,131,7,0.05628517823639775,0.28330206378986866,579.8930581613508,656.729062056524,0.59,542.2286211930822,547.3167455477259,5.088124354643696,right,SHINEd_Clarinet.jpg,congruent,m,659.641358,j,j,right,"(862, 362)",6,1,656.268208888922,68.5941119474802,4078.56,232,3,1,1.0,-148.93122440409138,87.43236887280705
131,131,131,131,131,1,132,5,0.0425,0.191875,472.91125,603.946981316637,1.05,561.0810321190046,552.6222928930176,-8.45873922598696,left,SHINEd_platypus.jpg,congruent,n,607.2193139999998,f,f,left,"(148, 362)",293,1,603.649567592345,15.9754706509039,2527.29,75,2,1,,-143.62567705879962,35.010324872806905
132,132,132,132,132,1,133,5,0.028462998102466795,0.3883617963314358,524.8804554079696,806.3614034208549,1.9,551.3783060732286,620.9118557604771,69.53354968724852,right,SHINEd_peacockfeather.jpg,incongruent,n,923.92839,f,f,left,"(862, 362)",382,1,920.1620462957692,332.487949354327,875.1,427,4,1,1.0,-75.33611419134012,351.71940087280717
133,133,133,133,133,1,134,4,0.0,0.13970588235294118,702.2420343137254,801.9297320632201,1.04,510.76680145003485,611.2511401670756,100.48433871704077,right,SHINEd_PencilSharpener.jpg,congruent,m,566.977995,j,j,right,"(862, 362)",74,1,563.015053999193,-24.6590429422489,2079.55,39,3,0,0.0,-84.99682978474164,-5.2309941271929565
134,134,134,134,134,1,135,6,0.032520325203252036,0.401500938086304,580.1488430268918,656.0180831826401,0.5,619.2029827184747,528.0895306281232,-91.11345209035153,right,SHINEd_volcano copy.jpg,incongruent,n,618.865323,j,f,left,"(862, 362)",234,0,614.7057847026159,27.031687761174695,4869.73,134,4,1,1.0,-168.1584393236941,46.656333872807075
135,135,135,135,135,1,136,4,0.05758513931888545,0.4606811145510836,442.6229102167183,627.370595928752,1.8,642.0282218416933,557.1692209400568,-84.85900090163649,left,SHINEd_Kettle.jpg,incongruent,m,694.345337,f,j,right,"(148, 362)",157,0,689.98920140604,102.31510446459801,1371.7,270,3,1,1.0,-139.07874901176044,122.13634787280705
136,136,136,136,136,1,137,4,0.0,0.3084702907711757,572.7041719342604,692.651696633128,1.15,535.9963305009234,611.1652972393453,75.16896673842189,right,SHINEd_Clip_Paper.jpg,congruent,m,771.469511,f,j,right,"(862, 362)",66,0,766.916778109464,179.24268116802205,2212.83,311,3,1,1.0,-85.082672712472,199.2605218728071
137,137,137,137,137,1,138,6,0.0,0.13644977890082122,617.9545167403663,762.557796004523,1.33,525.0778209982335,634.0509007759473,108.97307977771379,left,SHINEd_Turtle.jpg,congruent,n,,miss,f,left,"(148, 362)",305,0,,,1295.87,93,2,0,0.0,-62.19706917586996,
138,138,138,138,138,1,139,6,0.05015479876160992,0.3987616099071207,531.3851393188853,731.723962151186,1.98,596.4212189938563,636.5950835203497,40.17386452649339,left,SHINEd_HotWaterBottle.jpg,incongruent,m,149.345519,f,j,right,"(148, 362)",113,0,144.399591516311,-443.274505425131,2852.73,336,2,1,,-59.65288643146754,-422.8634701271929
139,139,139,139,139,1,140,3,0.0,0.5764854614412137,553.6498103666245,775.3078351470799,1.85,595.5622955132811,590.9162907066337,-4.6460048066473965,right,SHINEd_Swing_Child.jpg,congruent,m,473.327926,f,j,right,"(862, 362)",166,0,468.185401219734,-119.488695721707,4214.02,163,3,0,0.0,-105.33167924518352,-98.88106312719292
140,140,140,140,140,1,141,6,0.04804045512010114,0.290771175726928,635.1428571428571,791.3704859107719,0.89,563.4295614282192,666.4812249222973,103.05166349407808,right,SHINEd_Pumpkin.jpg,incongruent,n,781.209579,f,f,left,"(862, 362)",294,1,775.8704569231578,188.196359981717,1247.8,219,3,1,1.0,-29.76674502951994,209.00058987280704
141,141,141,141,141,1,142,9,0.06002475247524752,0.3589108910891089,529.2710396039604,754.4563668119562,2.0,630.8607373812679,601.5574178517888,-29.30331952947904,left,SHINEd_cottonplant.jpg,congruent,n,410.260028,f,f,left,"(148, 362)",297,1,404.72430862658206,-182.94978831486,1426.6,315,3,1,1.0,-94.6905521000284,-161.94896112719294
142,142,142,142,142,1,143,7,0.03034134007585335,0.2243994943109988,666.3394437420986,767.285629124836,0.51,640.2688531924134,629.1503782630747,-11.118474929338731,right,SHINEd_RamAnimal.jpg,incongruent,n,414.699211,f,f,left,"(862, 362)",454,1,408.96689433000506,-178.707202611436,1197.48,15,4,1,1.0,-67.09759168874257,-157.5097781271929
143,143,143,143,143,1,144,4,0.03219814241486068,0.14674922600619195,705.2371517027864,909.6422563055804,1.27,630.7735824429345,757.2391993346847,126.4656168917502,right,SHINEd_Deodorant.jpg,congruent,m,521.501571,j,j,right,"(862, 362)",118,1,515.572657033429,-72.1014399080126,1502.57,442,2,0,0.0,60.99122938286746,-50.70741812719291
144,144,144,144,144,1,145,4,0.10360075805432722,0.2368919772583702,548.092229943146,692.23251372311,1.83,723.4957010967653,634.9977668044263,-88.49793429233887,left,SHINEd_Megaphone.jpg,incongruent,m,678.768821,j,j,right,"(148, 362)",101,1,672.643309736853,84.969212795411,1501.82,380,2,0,0.0,-61.250203147390955,106.55983187280708
145,145,145,145,145,1,146,5,0.0,0.29287925696594425,641.2470588235294,797.68950906306,1.01,683.1563289663537,591.5208178047758,-91.63551116157792,right,SHINEd_rose.jpg,incongruent,n,473.685701,f,f,left,"(862, 362)",430,1,467.363592440276,-120.31050450116501,1741.47,213,4,1,1.0,-104.7271521470415,-98.52328812719291
146,146,146,146,146,1,147,6,0.0,0.29205753595997497,550.8211382113822,690.4480146244507,0.88,617.0624813411506,587.2721483043148,-29.79033303683593,left,SHINEd_Leaf_Clover.jpg,congruent,n,366.492692,j,f,left,"(148, 362)",449,0,359.9739861437,-227.700110797742,1649.93,257,4,1,1.0,-108.97582164750249,-205.71629712719292
147,147,147,147,147,1,148,6,0.04867256637168142,0.2338811630847029,564.2781289506953,692.876784571692,1.36,596.3156904847821,589.4335563511877,-6.882134133594378,left,SHINEd_Carabiner_Orange.jpg,incongruent,m,571.350451,j,j,right,"(148, 362)",29,1,564.635147847123,-23.038949094318,1054.35,3,3,1,1.0,-106.81441360062956,-0.8585381271929009
148,148,148,148,148,1,149,6,0.047529706066291436,0.22326454033771104,567.146966854284,723.138660477154,2.0,583.4149229775708,639.6065709661925,56.19164798862175,left,SHINEd_vanillabean copy.jpg,congruent,n,456.538571,j,f,left,"(148, 362)",329,0,449.62667055054703,-138.047426390894,1253.51,73,3,0,0.0,-56.641398985624726,-115.67041812719292
149,149,149,149,149,1,150,8,0.0,0.13746130030959752,710.9597523219815,826.3813271849409,0.89,604.2318784180665,653.6292671752954,49.397388757228896,right,SHINEd_Calculator.jpg,congruent,m,731.501485,j,j,right,"(862, 362)",94,1,724.392987253971,136.718890312529,6733.05,401,2,0,0.0,-42.6187027765219,159.2924958728071
150,150,150,150,150,1,151,4,0.0,0.21513445903689807,668.3233270794246,807.341523975381,1.28,656.1785297556829,702.8297961589868,46.65126640330391,left,SHINEd_catcus.jpg,congruent,n,582.741726,f,f,left,"(148, 362)",313,1,575.4366309573941,-12.237465984047198,1765.79,364,2,0,0.0,6.58182620716957,10.532736872807051
151,151,151,151,151,1,152,3,0.19824890556597874,0.5803627267041901,510.1457160725453,813.082804580888,1.34,697.6149033287493,672.7432056838727,-24.871697644876576,left,SHINEd_Vest.jpg,incongruent,m,698.3069889999997,j,j,right,"(148, 362)",5,1,690.805296660818,103.13119971937599,1278.1,12,4,1,1.0,-23.50476426794455,126.09799987280678
152,152,152,152,152,1,153,8,0.05685407454200885,0.49084017687934295,536.6493998736576,702.744560670762,1.63,655.89924742316,644.963030603522,-10.936216819637933,left,SHINEd_Bleachers.jpg,incongruent,m,376.008008,j,j,right,"(148, 362)",133,1,368.30971836424203,-219.3643785772,3639.62,354,3,1,1.0,-51.28493934829521,-196.2009811271929
153,153,153,153,153,1,154,5,0.0,0.11819887429643527,681.9186991869917,764.438356164384,2.0,603.8952320025596,694.4584463525023,90.56321434994264,right,SHINEd_Weights_Dumbells.jpg,congruent,m,612.089604,j,j,right,"(862, 362)",22,1,604.194717067665,16.5206201262237,924.58,439,2,1,,-1.7895235993149754,39.880614872807094
154,154,154,154,154,1,155,6,0.05246523388116309,0.23135271807838176,699.3514538558786,851.821609618609,1.04,623.2317726349113,661.7109803276259,38.479207692714574,right,SHINEd_CasketOpen.jpg,congruent,m,633.435019,j,j,right,"(862, 362)",218,1,625.343534771089,37.6694378296474,1763.1,209,3,0,0.0,-34.53698962419139,61.22602987280709
155,155,155,155,155,1,156,6,0.08154235145385587,0.5777496839443742,560.2616940581543,732.7876494005969,1.43,714.8937777357353,616.9580288829524,-97.93574885278292,left,SHINEd_Carrot.jpg,congruent,n,461.473529,f,f,left,"(148, 362)",281,1,453.1854474745121,-134.488649466929,1238.8,334,3,1,1.0,-79.28994106886489,-110.73546012719294
156,156,156,156,156,1,157,5,0.0,0.4238861386138614,624.7772277227722,816.471448751066,0.83,681.1251964993425,591.3375752608032,-89.78762123853926,left,SHINEd_Wheel_Steering.jpg,incongruent,m,354.19228300000015,j,j,right,"(148, 362)",185,1,345.7076041779361,-241.966492763505,6684.91,149,3,0,0.0,-104.91039469101406,-218.0167061271928
157,157,157,157,157,1,158,5,0.06637168141592921,0.24462705436156765,650.3912768647283,803.87839790722,0.82,613.5019414139342,756.4155861181056,142.91364470417136,right,SHINEd_Cantaloupe.jpg,incongruent,n,486.95433499999996,j,f,left,"(862, 362)",338,0,478.27305888135993,-109.401038060082,1504.51,268,1,0,0.0,60.167616166288326,-85.25465412719291
158,158,158,158,158,1,159,5,0.061314791403286974,0.24462705436156765,655.9924146649812,695.797274070715,1.47,660.8971512888216,593.425562223586,-67.47158906523565,right,SHINEd_Bicycle_Kids.jpg,congruent,m,346.933922,j,j,right,"(862, 362)",26,1,338.05604858478296,-249.618048356658,1484.58,291,2,0,0.0,-102.82240772823128,-225.27506712719293
159,159,159,159,159,1,160,3,0.08235294117647059,0.5826625386996904,516.2414860681115,745.526500704991,1.36,702.661730167653,643.9933149366711,-58.66841523098186,left,SHINEd_WatermelonSlice.jpg,congruent,n,431.48340199999996,f,f,left,"(148, 362)",325,1,422.4089312882071,-165.265165653235,1174.49,292,3,1,1.0,-52.25465501514611,-140.7255871271929
160,160,160,160,160,1,161,6,0.0,0.20200125078173856,637.1638524077547,836.684772088954,0.95,617.0665208116766,667.2632374523661,50.19671664068949,left,SHINEd_Bottle_Blue.jpg,incongruent,m,618.421116,j,j,right,"(148, 362)",217,1,609.150047991631,21.4759510501891,1733.3,267,2,0,0.0,-28.984732499451184,46.21212687280706
161,161,161,161,161,1,162,4,0.0,0.07487623762376237,822.2023514851485,1031.1646065577804,1.05,595.509607215924,723.7617104739908,128.25210325806677,right,SHINEd_Door_Green.jpg,congruent,m,590.560175,j,j,right,"(862, 362)",106,1,581.092509695054,-6.58158724638729,1398.35,348,3,1,1.0,27.51374052217352,18.35118587280704
162,162,162,162,162,1,163,3,0.06439628482972136,0.3226006191950465,582.4544891640868,734.16164083513,1.81,736.3069705993775,691.3679057712781,-44.9390648280994,left,SHINEd_Skates.jpg,incongruent,m,585.968951,f,j,right,"(148, 362)",125,0,576.304688398478,-11.3694085429637,1165.52,307,4,1,1.0,-4.880064180539193,13.759961872807025
163,163,163,163,163,1,164,5,0.05315822388993121,0.1926203877423389,702.5422138836772,857.4171496707539,0.97,731.4094673260512,681.724642387866,-49.684824938185216,right,SHINEd_ElectricOutlet.jpg,congruent,m,342.17323,j,j,right,"(862, 362)",102,1,332.312370101901,-255.36172683953998,7013.42,228,2,0,0.0,-14.523327563951286,-230.0357591271929
164,164,164,164,164,1,165,5,0.07458912768647281,0.2667509481668774,603.2022756005058,769.385119344227,0.54,687.1112355014981,643.1666908893376,-43.94454461216049,left,SHINEd_FlipFlop_PairBlue.jpg,incongruent,m,396.13885899999997,j,j,right,"(148, 362)",153,1,386.081401805325,-201.592695136116,1038.96,290,2,1,,-53.081279062479666,-176.07013012719293
165,165,165,165,165,1,166,4,0.08217446270543616,0.22060682680151708,610.7427307206068,796.584198021163,1.49,703.5660146517117,721.3571794898776,17.791164838165855,left,SHINEd_Chair_High.jpg,incongruent,m,552.892743,j,j,right,"(148, 362)",209,1,542.638688508749,-45.0354084326927,885.74,277,3,0,0.0,25.109209538060327,-19.316246127192926
166,166,166,166,166,1,167,4,0.0,0.08111455108359134,659.9349845201239,801.491576507717,1.84,666.1914547383251,688.906574424082,22.71511968575692,left,SHINEd_Oyster.jpg,congruent,n,388.551868,j,f,left,"(148, 362)",433,0,378.101216212172,-209.572880729269,1506.2,96,4,1,1.0,-7.341395527735244,-183.6571211271929
167,167,167,167,167,1,168,5,0.07992565055762081,0.19888475836431227,692.6239157372986,831.9336767302609,0.96,660.9568706402661,712.6216941143226,51.66482347405656,right,SHINEd_purple_yam.jpg,incongruent,n,398.976194,j,f,left,"(862, 362)",442,0,388.328944915596,-199.34515202584487,2215.14,340,2,0,0.0,16.37372416250537,-173.23279512719293
168,168,168,168,168,1,169,6,0.0,0.4014869888475837,610.8742255266418,711.8005402158791,1.31,704.9851096628128,651.0872563046652,-53.89785335814759,left,SHINEd_Leg.jpg,congruent,n,721.9097879999997,f,f,left,"(148, 362)",405,1,711.0659416190201,123.39184467757799,1079.99,180,3,1,1.0,-45.16071364715208,149.7007988728068
169,169,169,169,169,1,170,4,0.05128205128205128,0.2301438398999375,687.1257035647278,844.263676526832,1.03,688.4677223400265,707.0982815885243,18.63055924849766,right,SHINEd_LawnMower.jpg,congruent,m,566.3685059999998,j,j,right,"(862, 362)",46,1,555.328062322443,-32.346034618998196,1464.74,104,2,0,0.0,10.850311636707033,-5.840483127193124
170,170,170,170,170,1,171,7,0.0,0.29266750948166875,704.9197218710492,820.874619465547,0.68,663.8268333829435,643.0001957100131,-20.82663767293036,right,SHINEd_Boot_Rain.jpg,congruent,m,522.99045,j,j,right,"(862, 362)",150,1,511.75340902586714,-75.9206879155746,2478.32,269,3,1,1.0,-53.247774241804116,-49.218539127192905
171,171,171,171,171,1,172,5,0.04953560371517028,0.2130030959752322,708.2185758513933,875.3384802946741,1.1,717.0154205710886,766.8070118773677,49.79159130627911,right,SHINEd_Cranberry.jpg,incongruent,n,567.468546,f,f,left,"(862, 362)",398,1,556.03490772929,-31.639189212151,2395.58,282,1,1,,70.55904192555045,-4.740443127192974
172,172,172,172,172,1,173,6,0.07206068268015171,0.3154235145385588,635.9134007585335,787.4322875847,0.67,741.0080791168242,572.1041179733271,-168.9039611434971,right,SHINEd_USBKey.jpg,congruent,m,523.355133,j,j,right,"(862, 362)",90,1,511.724897432714,-75.94919950872729,1560.72,60,1,0,0.0,-124.14385197849016,-48.8538561271929
173,173,173,173,173,1,174,5,0.07116336633663366,0.18007425742574254,666.5915841584158,839.9361193104289,0.89,697.5054674996053,733.5095860358713,36.00411853626599,right,SHINEd_Fruit_Orange.jpg,incongruent,n,544.483974,f,f,left,"(862, 362)",302,1,532.657141136138,-55.01695580530371,1088.67,254,3,1,1.0,37.26161608405402,-27.725015127192933
174,174,174,174,174,1,175,4,0.0,0.06749226006191951,786.2687306501547,893.0638887616251,1.06,673.8825019096871,707.7982593076109,33.915757397923805,right,SHINEd_MobilityScooter.jpg,congruent,m,378.89667000000003,j,j,right,"(862, 362)",182,1,366.873239839561,-220.80085710187998,4424.01,286,2,1,,11.550289355793664,-193.31231912719292
175,175,175,175,175,1,176,4,0.058161350844277676,0.41901188242651655,576.5878674171357,812.696441990526,1.24,775.3234581481547,643.3706658250926,-131.95279232306208,left,SHINEd_Gorilla.jpg,congruent,n,494.947963,f,f,left,"(148, 362)",285,1,482.727935542985,-104.946161398456,29201.91,451,1,1,,-52.877304126724646,-77.2610261271929
176,176,176,176,176,1,177,3,0.0561941251596424,0.7375478927203065,536.8863346104725,744.243833612608,1.81,698.8056107356897,640.4399132628253,-58.36569747286444,left,SHINEd_Hat_Baseball.jpg,incongruent,m,684.697639,f,j,right,"(148, 362)",189,0,672.281014246409,84.6069173049672,1311.93,212,2,0,0.0,-55.808056688992004,112.48864987280706
177,177,177,177,177,1,178,6,0.07673267326732673,0.24195544554455445,612.9863861386139,725.2191962847743,0.89,586.4000725678129,580.3599986689702,-6.040073898842592,right,SHINEd_Drill.jpg,congruent,m,536.8999259999998,j,j,right,"(862, 362)",30,1,524.286703949832,-63.387392991609104,3280.42,243,2,0,0.0,-115.88797128284705,-35.309063127193106
178,178,178,178,178,1,179,6,0.06948831332912192,0.23752368919772585,532.4605180037903,679.570922356328,1.83,612.617711489039,637.2867051617625,24.668993672723445,left,SHINEd_Binder.jpg,incongruent,m,549.57425,j,j,right,"(148, 362)",65,1,536.764430653256,-50.9096662881855,1632.3,230,3,1,1.0,-58.96126479005477,-22.634739127192912
179,179,179,179,179,1,180,4,0.0,0.06563467492260062,721.5721362229103,845.408030733338,1.08,613.3778682074262,694.357893730393,80.98002552296668,right,SHINEd_Teapot.jpg,congruent,m,559.904413,j,j,right,"(862, 362)",214,1,546.89799635668,-40.7761005847619,1032.16,231,4,1,1.0,-1.8900762214242377,-12.304576127192945
180,180,180,180,180,1,181,4,0.06072106261859583,0.17836812144212524,670.5888678051866,816.3435645694209,0.91,650.8115070163955,682.5964082492628,31.784901232867355,right,SHINEd_HairClip.jpg,congruent,m,493.51993899999997,j,j,right,"(862, 362)",194,1,480.316925060103,-107.357171881338,1156.9,169,4,1,1.0,-13.651561702554432,-78.68905012719291
181,181,181,181,181,1,182,5,0.04783163265306122,0.23660714285714285,550.2244897959183,675.4568493704589,1.04,724.5222365371527,592.657111549835,-131.86512498731778,left,SHINEd_Boat_Colourful.jpg,incongruent,m,570.075352,j,j,right,"(148, 362)",173,1,556.675740763527,-30.9983561779147,1306.94,350,3,1,1.0,-103.59085840198223,-2.1336371271929693
182,182,182,182,182,1,183,6,0.07063197026022305,0.2211895910780669,508.09479553903344,627.745620534085,1.57,653.5104028370853,589.5188272925988,-63.99157554448652,left,SHINEd_white_strawberries.jpg,congruent,n,559.492519,f,f,left,"(148, 362)",417,1,545.89631046695,-41.777786474491,1125.92,25,4,1,1.0,-106.7291426592185,-12.716470127192904
183,183,183,183,183,1,184,5,0.0,0.4846970643347908,551.0081199250468,675.875210790193,1.97,555.5440545306096,523.6984979479603,-31.84555658264935,left,SHINEd_BowlingPin.jpg,incongruent,m,539.4688620000002,f,j,right,"(148, 362)",25,0,525.676056170374,-61.998040771067494,1877.19,306,2,0,0.0,-172.54947200385698,-32.74012712719275
184,184,184,184,184,1,185,5,0.07004377736085053,0.4509068167604753,508.0406504065042,667.9253893334591,0.5,543.9198550366136,546.8373285495111,2.91747351289746,right,SHINEd_Mask_HockeyGoalie.jpg,congruent,m,783.422296,f,j,right,"(862, 362)",126,0,769.4328928737981,181.758795932356,1275.62,326,3,1,1.0,-149.41064140230617,211.21330687280704
185,185,185,185,185,1,186,5,0.0,0.3541795665634675,564.0445820433438,625.461802813193,0.98,544.3145861455853,540.9939269538927,-3.3206591916925845,left,SHINEd_Clock_Radio.jpg,incongruent,m,835.06452,j,j,right,"(148, 362)",93,1,820.878519577221,233.20442263578,2446.47,240,3,1,1.0,-155.25404299792456,262.8555308728071
186,186,186,186,186,1,187,5,0.03650990099009902,0.1547029702970297,595.1633663366338,715.9650085834669,1.11,560.0007853478542,614.2100987193544,54.209313371500215,left,SHINEd_orchid.jpg,congruent,n,709.893825,f,f,left,"(148, 362)",261,1,695.511227280645,107.837130339203,1696.95,235,1,1,,-82.03787123246286,137.68483587280707
187,187,187,187,187,1,188,4,0.05882352941176471,0.19009287925696594,584.5975232198142,741.4465431397839,1.06,594.4437242684999,614.7083922597608,20.26466799126092,left,SHINEd_BusStop.jpg,incongruent,m,529.203279,j,j,right,"(148, 362)",145,1,514.624083984069,-73.0500129573729,1971.47,273,2,0,0.0,-81.53957769205647,-43.00571012719296
188,188,188,188,188,1,189,4,0.0655940594059406,0.3261138613861386,489.9461633663366,616.287685399279,0.8,629.1854941276637,490.58218102412735,-138.6033131035363,left,SHINEd_Switch_LightWhite.jpg,incongruent,m,475.86449000000016,j,j,right,"(148, 362)",57,1,461.088697687492,-126.58539925394899,3112.25,130,3,0,0.0,-205.6657889276899,-96.34449912719276
189,189,189,189,189,1,190,4,0.05071119356833643,0.14347557204700062,534.4916512059369,648.242836158248,1.05,580.5703013902419,517.2094547641767,-63.36084662606515,left,SHINEd_pickle.jpg,congruent,n,615.9403110000002,f,f,left,"(148, 362)",373,1,600.967921390916,13.293824449474304,4791.24,313,1,0,0.0,-179.03851518764054,43.73132187280726
190,190,190,190,190,1,191,5,0.06493506493506493,0.21397649969078544,486.2479901051329,593.195443293582,0.68,546.1356305660481,531.2301034289044,-14.905527137143734,left,SHINEd_brusselsprouts.jpg,congruent,n,755.3171070000003,f,f,left,"(148, 362)",265,1,740.148120094339,152.474023152898,1841.2,205,2,0,0.0,-165.0178665229129,183.10811787280738
191,191,191,191,191,1,192,3,0.0,0.03979785217940618,620.092229943146,723.4952554102167,1.32,538.7725702243998,616.5086963415616,77.7361261171618,left,SHINEd_Mattress.jpg,incongruent,m,880.2851039999997,j,j,right,"(148, 362)",49,1,864.9195197977631,277.24542285632197,3728.62,114,3,1,1.0,-79.73927361025562,308.07611487280684
192,192,192,192,192,1,193,5,0.040866873065015484,0.2024767801857585,558.0941176470589,672.322276424283,1.44,574.2504785760393,628.8941212421207,54.64364266608141,right,SHINEd_manatee.jpg,incongruent,n,,miss,f,left,"(862, 362)",342,0,,,1947.26,146,2,1,,-67.35384870969654,
193,193,193,193,193,1,194,5,0.05744949494949495,0.18118686868686867,616.2771464646464,729.7906131966362,0.99,604.1510222480479,644.2229848722459,40.07196262419802,left,SHINEd_mizuna.jpg,congruent,n,840.7904189999997,f,f,left,"(148, 362)",429,1,825.03164020461,237.357543263169,1638.94,351,4,1,1.0,-52.02498507957137,268.58142987280684
194,194,194,194,194,1,195,4,0.08658008658008658,0.19727891156462585,591.2894248608534,696.205804897814,1.43,621.393895267744,634.3612919989206,12.967396731176565,right,SHINEd_SkullDeer.jpg,incongruent,n,555.99491,f,f,left,"(862, 362)",278,1,540.039533908034,-47.634563033407495,1138.96,297,4,1,1.0,-61.886677952896655,-16.214079127192914
195,195,195,195,195,1,196,6,0.0906816760475297,0.2489055659787367,609.3652282676672,771.5560853746408,1.06,648.3312734045172,703.0674497972267,54.73617639270947,right,SHINEd_LightHouse.jpg,congruent,m,,miss,j,right,"(862, 362)",146,0,,,8151.24,252,2,0,0.0,6.8194798454094325,
196,196,196,196,196,1,197,6,0.06759317751105495,0.2229943145925458,581.2956411876185,685.2024747044239,1.31,665.3922858335693,602.6562101857307,-62.73607564783856,left,SHINEd_Mango.jpg,congruent,n,636.633152,f,f,left,"(148, 362)",277,1,620.2845813148809,32.6104843734398,1705.5,182,3,0,0.0,-93.59175976608653,64.42416287280707
197,197,197,197,197,1,198,7,0.05882352941176471,0.26595744680851063,520.2252816020025,668.972211469166,0.85,651.0644752704492,587.4241100563007,-63.64036521414847,left,SHINEd_Lychee.jpg,congruent,n,410.239548,f,f,left,"(148, 362)",321,1,393.6943800183049,-193.979716923137,2049.91,261,3,0,0.0,-108.82385989551649,-161.9694411271929
198,198,198,198,198,1,199,7,0.0,0.2004950495049505,596.8428217821782,732.679048296775,1.82,581.0579257965502,635.7842142628058,54.726288466255596,right,SHINEd_Bird_Pelican.jpg,incongruent,n,597.420672,j,f,left,"(862, 362)",402,0,580.678906721728,-6.995190219712992,1573.38,142,2,0,0.0,-60.46375568901146,25.21168287280705
199,199,199,199,199,1,200,6,0.04166666666666666,0.2323232323232323,622.4892676767678,834.493492412913,1.93,579.0878113385644,706.5813056599371,127.49349432137274,right,SHINEd_Bench_Black.jpg,congruent,m,513.8465719999998,f,j,right,"(862, 362)",206,0,496.908209425152,-90.7658875162893,2773.08,357,2,0,0.0,10.333335708119876,-58.362417127193105
200,200,200,200,200,1,201,9,0.0,0.2761609907120743,682.3027863777089,818.79502026438,0.51,629.0003224966622,642.5899072807175,13.58958478405532,right,SHINEd_Cane_Metal.jpg,congruent,m,765.435069,j,j,right,"(862, 362)",190,1,748.3001091285761,160.626012187134,2496.26,318,2,0,0.0,-53.65806267109974,193.22607987280708
201,201,201,201,201,1,202,7,0.060088551549652126,0.2352941176470588,589.2080961416825,707.76560356459,0.89,670.3826132960522,539.1185844076374,-131.26402888841483,left,SHINEd_Bottle_Beer.jpg,incongruent,m,730.582626,j,j,right,"(148, 362)",213,1,713.2510688319991,125.576971890558,1450.92,388,2,0,0.0,-157.12938554417985,158.3736368728071
202,202,202,202,202,1,203,6,0.0,0.2417929292929293,529.8705808080808,648.989059354953,1.44,653.3154799978628,557.7454989684676,-95.5699810293952,left,SHINEd_frog.jpg,congruent,n,583.610262,f,f,left,"(148, 362)",345,1,566.082107535423,-21.5919894060184,1092.8,453,2,1,,-138.5024709833497,11.401272872807114
203,203,203,203,203,1,204,9,0.05813234384662956,0.2993197278911565,561.1298701298701,753.305205909082,1.46,577.7030601735747,638.949741065871,61.24668089229624,left,SHINEd_Toad.jpg,congruent,n,706.046159,f,f,left,"(148, 362)",441,1,688.3214072388472,100.647310297405,837.97,5,3,1,1.0,-57.298228885946294,133.8371698728071
204,204,204,204,204,1,205,6,0.0,0.2071078431372549,570.5404411764706,747.384998836981,0.91,548.8499307853683,575.8130216421272,26.96309085675887,left,SHINEd_Bells_Christmas.jpg,incongruent,m,557.565541,j,j,right,"(148, 362)",225,1,539.64419194227,-48.0299049991711,1803.58,112,2,0,0.0,-120.43494830969007,-14.643448127192867
205,205,205,205,205,1,206,6,0.05120101137800253,0.2307206068268015,586.3179519595449,645.0452297465989,1.26,559.9984834012365,551.3895644784648,-8.60891892277175,right,SHINEd_Dragonfly.jpg,incongruent,n,802.1449240000003,f,f,left,"(862, 362)",346,1,784.0269776456938,196.35288070425202,5303.01,145,1,0,0.0,-144.85840547335252,229.9359348728074
206,206,206,206,206,1,207,8,0.0655534941249227,0.2795299938157081,532.6716141001855,665.683980822276,0.7,584.76090807274,627.7923009255418,43.03139285280179,left,SHINEd_Pineapple.jpg,congruent,n,581.5519099999998,f,f,left,"(148, 362)",353,1,563.237366349118,-24.4367305923239,1573.22,27,2,1,,-68.45566902627547,9.342920872806873
207,207,207,207,207,1,208,7,0.06501547987616099,0.30959752321981426,560.5919504643963,715.773177285633,0.72,605.6953268943163,508.6130505114738,-97.08227638284245,left,SHINEd_DeepFryer.jpg,incongruent,m,505.72470400000003,j,j,right,"(148, 362)",161,1,487.21356305254096,-100.46053388889999,1269.23,174,3,0,0.0,-187.63491944034348,-66.48428512719296
208,208,208,208,208,1,209,7,0.054455445544554455,0.2586633663366337,529.6014851485148,701.534990276841,1.98,600.6322782277432,636.8395726520567,36.207294424313545,left,SHINEd_Mitt_Oven.jpg,incongruent,m,803.8416950000003,f,j,right,"(148, 362)",137,0,785.133956755965,197.459859814523,1807.28,412,2,0,0.0,-59.4083972997605,231.63270587280738
209,209,209,209,209,1,210,4,0.0,0.11524163568773235,654.8370508054522,741.582176609831,0.64,582.1085537429312,573.0543158217192,-9.054237921212009,right,SHINEd_discoball.jpg,congruent,m,904.123261,j,j,right,"(862, 362)",226,1,885.218925459388,297.544828517947,1323.31,419,4,0,0.0,-123.19365413009804,331.91427187280703
210,210,210,210,210,1,211,6,0.08843967150979154,0.29564118761844604,516.1396083385977,707.281169661867,2.0,620.6541705220825,630.3613290987453,9.707158576662778,left,SHINEd_Bird_Eagle.jpg,congruent,n,541.9979940000002,f,f,left,"(148, 362)",257,1,522.897061162812,-64.7770357786295,6141.42,133,1,0,0.0,-65.88664085307198,-30.210995127192746
211,211,211,211,211,1,212,6,0.0,0.20655534941249226,660.1094619666047,785.043919208607,1.09,612.8887925847565,611.377754921259,-1.5110376634975182,right,SHINEd_Flamingo_Real.jpg,incongruent,n,729.273546,f,f,left,"(862, 362)",406,1,709.9760158662358,122.30191892479401,1189.27,198,3,0,0.0,-84.87021503055826,157.0645568728071
212,212,212,212,212,1,213,6,0.0300187617260788,0.18323952470293933,646.3470919324577,820.8633185920247,1.16,618.0246770674959,729.2282857176117,111.20360865011592,right,SHINEd_Dog_CockerSpaniel.jpg,incongruent,n,699.9608559999997,f,f,left,"(862, 362)",306,1,680.4667285696589,92.7926316282179,1549.4,97,2,0,0.0,32.980315765794444,127.75186687280676
213,213,213,213,213,1,214,6,0.045625,0.428125,563.79875,613.507363337687,1.0,666.1720212927154,555.048500440277,-111.12352085243832,left,SHINEd_catfish.jpg,congruent,n,617.749562,f,f,left,"(148, 362)",361,1,598.058837273083,10.3847403316414,1584.49,31,4,1,1.0,-141.19946951154017,45.54057287280705
214,214,214,214,214,1,215,5,0.05325077399380805,0.2328173374613003,495.3300309597524,596.084882016789,0.59,633.7647830423898,509.82482931434674,-123.93995372804306,left,SHINEd_Crown.jpg,incongruent,m,724.606632,j,j,right,"(148, 362)",193,1,704.7193099765068,117.045213035065,3117.61,64,2,1,,-186.4231406374705,152.3976428728071
215,215,215,215,215,1,216,5,0.05882352941176471,0.32321981424148605,514.194427244582,690.0750186279802,2.0,537.3324510733478,559.3875158974422,22.055064824094416,left,SHINEd_DogHouse.jpg,incongruent,m,695.495071,f,j,right,"(148, 362)",165,0,675.41115167993,87.7370547384888,2901.13,215,2,1,,-136.86045405437503,123.28608187280712
216,216,216,216,216,1,217,7,0.0,0.2867972204674669,604.0429564118763,714.4504770512469,1.11,532.4588664344601,653.4903223603998,121.03145592593971,right,SHINEd_DustPan.jpg,congruent,m,868.1558980000003,j,j,right,"(862, 362)",54,1,847.875381383354,260.201284441912,990.23,335,3,0,0.0,-42.75764759141747,295.9469088728074
217,217,217,217,217,1,218,5,0.048010107391029684,0.2034112444725205,545.7252053063803,686.707547662584,1.87,584.8548244087738,569.3548587387068,-15.499965670067013,left,SHINEd_Dice.jpg,incongruent,m,433.921118,j,j,right,"(148, 362)",89,1,413.44400408677694,-174.230092854664,904.14,6,3,1,1.0,-126.8931112131105,-138.28787112719294
218,218,218,218,218,1,219,6,0.050955414012738856,0.2624203821656051,628.2592356687898,787.170727715156,0.97,599.4791266546822,641.5456388138838,42.06651215920158,right,SHINEd_brownbeans.jpg,incongruent,n,565.957999,f,f,left,"(862, 362)",366,1,545.284287790201,-42.3898091512404,1017.23,77,4,1,1.0,-54.70233113793346,-6.250990127192949
219,219,219,219,219,1,220,5,0.09475679090334807,0.2703727100442198,551.1895135818068,708.2796053383389,0.87,620.8019021974536,635.3775857302433,14.57568353278964,left,SHINEd_starfruit.jpg,congruent,n,523.518787,f,f,left,"(148, 362)",317,1,502.648478493625,-85.0256184478168,1472.9,227,4,1,1.0,-60.870384221574,-48.690202127192954
220,220,220,220,220,1,221,6,0.0,0.12002526847757422,559.6790903348074,770.631942109939,1.91,647.5234189138141,596.4314984985473,-51.09192041526683,left,SHINEd_Quartz.jpg,congruent,n,472.385921,f,f,left,"(148, 362)",401,1,451.31901519704803,-136.355081744393,1096.3,255,4,1,1.0,-99.81647145326995,-99.82306812719291
221,221,221,221,221,1,222,5,0.0611877624475105,0.1913617276544691,635.2315536892621,723.33009225681,0.5,586.8869998241073,621.6563081504368,34.76930832632945,right,SHINEd_TissueBox.jpg,congruent,m,712.8833860000003,f,j,right,"(862, 362)",50,0,691.6198829004718,103.94578595903,1926.86,55,3,0,0.0,-74.5916618013805,140.67439687280742
222,222,222,222,222,1,223,4,0.0,0.080625,578.75375,607.4661894005931,1.3,615.8848843615563,581.4999946242082,-34.38488973734809,left,SHINEd_Tree_Fir.jpg,congruent,n,549.284382,f,f,left,"(148, 362)",229,1,527.824281603896,-59.8498153375458,927.26,312,4,1,1.0,-114.74797532760908,-22.924607127192868
223,223,223,223,223,1,224,5,0.03653250773993808,0.2,591.5343653250774,662.29551654899,0.87,625.6528805110573,597.7416077364118,-27.91127277464557,right,SHINEd_Seashell_BayScallop.jpg,incongruent,n,586.081589,f,f,left,"(862, 362)",270,1,564.4248913073191,-23.2492056341222,800.03,201,4,1,1.0,-98.50636221540549,13.872599872807086
224,224,224,224,224,1,225,5,0.063125,0.283125,622.04375,777.6703584727188,1.21,593.5300517572456,654.8563824404059,61.32633068316034,right,SHINEd_Butterfly.jpg,incongruent,n,709.193254,f,f,left,"(862, 362)",318,1,687.339959010743,99.66586206930141,1032.62,9,4,1,1.0,-41.39158751141133,136.9842648728071
225,225,225,225,225,1,226,7,0.051833122629582805,0.2420986093552465,619.9538558786346,785.925189334233,1.19,648.8883608718762,633.9225186143398,-14.965842257536455,right,SHINEd_Glove_Rubber.jpg,congruent,m,602.424696,j,j,right,"(862, 362)",138,1,580.374803714167,-7.2992932272749185,1056.15,272,3,1,1.0,-62.3254513374775,30.21570687280712
226,226,226,226,226,1,227,3,0.06316447779862414,0.16948092557848654,539.4552845528456,659.7873462679901,0.96,673.8646273920302,613.845725786583,-60.018901605447255,left,SHINEd_ChainRusty.jpg,incongruent,m,631.621479,j,j,right,"(148, 362)",21,1,609.37498941759,21.700892476148706,1347.98,373,4,1,1.0,-82.40224416523426,59.4124898728071
227,227,227,227,227,1,228,5,0.0,0.10928616550852813,631.0164245104232,608.095582628711,0.53,621.3961323014987,605.0,-16.39613230149871,right,SHINEd_grasshopper.jpg,incongruent,n,603.8100559999998,f,f,left,"(862, 362)",286,1,581.366969121014,-6.30712782042767,997.83,416,3,1,1.0,-91.24796995181723,31.60106687280688
